UPDATE `dp_teachers` SET `addressId`='DMT6861-2' WHERE `id`=1238;
UPDATE `dp_teachers` SET `addressId`='GBH2110-5' WHERE `id`=1240;
UPDATE `dp_teachers` SET `addressId`='DFZ3839-1' WHERE `id`=1242;
UPDATE `dp_teachers` SET `addressId`='DKR9591-0' WHERE `id`=1247;
UPDATE `dp_teachers` SET `addressId`='BKV3656-7' WHERE `id`=1249;
UPDATE `dp_teachers` SET `addressId`='DQF0895-7' WHERE `id`=1252;
UPDATE `dp_teachers` SET `addressId`='BYY3250-6' WHERE `id`=1253;
UPDATE `dp_teachers` SET `addressId`='DST7968-7' WHERE `id`=1254;
UPDATE `dp_teachers` SET `addressId`='BRH1307-1' WHERE `id`=1255;
UPDATE `dp_teachers` SET `addressId`='CCH6682-7' WHERE `id`=1256;
UPDATE `dp_teachers` SET `addressId`='DJT2801-7' WHERE `id`=1258;
UPDATE `dp_teachers` SET `addressId`='BSX1113-5' WHERE `id`=1260;
UPDATE `dp_teachers` SET `addressId`='DWH2822-8' WHERE `id`=1261;
UPDATE `dp_teachers` SET `addressId`='DKZ2282-7' WHERE `id`=1266;
UPDATE `dp_teachers` SET `addressId`='CCT7885-0' WHERE `id`=1268;
UPDATE `dp_teachers` SET `addressId`='FBF3553-5' WHERE `id`=1269;
UPDATE `dp_teachers` SET `addressId`='DGX7872-5' WHERE `id`=1272;
UPDATE `dp_teachers` SET `addressId`='CFQ9377-0' WHERE `id`=1274;
UPDATE `dp_teachers` SET `addressId`='CPX7609-7' WHERE `id`=1275;
UPDATE `dp_teachers` SET `addressId`='FYN6898-8' WHERE `id`=1276;
UPDATE `dp_teachers` SET `addressId`='CJX7832-1' WHERE `id`=1277;
UPDATE `dp_teachers` SET `addressId`='BYV5291-8' WHERE `id`=1279;
UPDATE `dp_teachers` SET `addressId`='BXG5308-3' WHERE `id`=1280;
UPDATE `dp_teachers` SET `addressId`='FTJ9536-2' WHERE `id`=1283;
UPDATE `dp_teachers` SET `addressId`='DRF8881-9' WHERE `id`=1284;
UPDATE `dp_teachers` SET `addressId`='FVR5656-5' WHERE `id`=1287;
UPDATE `dp_teachers` SET `addressId`='CPN1975-1' WHERE `id`=1289;
UPDATE `dp_teachers` SET `addressId`='CSN1261-2' WHERE `id`=1290;
UPDATE `dp_teachers` SET `addressId`='DGY2767-0' WHERE `id`=1292;
UPDATE `dp_teachers` SET `addressId`='BZR8166-7' WHERE `id`=1295;
UPDATE `dp_teachers` SET `addressId`='CQJ9371-8' WHERE `id`=1298;
UPDATE `dp_teachers` SET `addressId`='CBH8811-0' WHERE `id`=1299;
UPDATE `dp_teachers` SET `addressId`='DLT3905-0' WHERE `id`=1302;
UPDATE `dp_teachers` SET `addressId`='FFV2575-0' WHERE `id`=1303;
UPDATE `dp_teachers` SET `addressId`='BBD9615-0' WHERE `id`=1305;
UPDATE `dp_teachers` SET `addressId`='CLM1813-1' WHERE `id`=1306;
UPDATE `dp_teachers` SET `addressId`='CKP0851-8' WHERE `id`=1311;
UPDATE `dp_teachers` SET `addressId`='BRB6226-7' WHERE `id`=1313;
UPDATE `dp_teachers` SET `addressId`='CMD3126-5' WHERE `id`=1314;
UPDATE `dp_teachers` SET `addressId`='DRD9319-7' WHERE `id`=1316;
UPDATE `dp_teachers` SET `addressId`='BVC3002-3' WHERE `id`=1317;
UPDATE `dp_teachers` SET `addressId`='DPM2332-9' WHERE `id`=1318;
UPDATE `dp_teachers` SET `addressId`='DWX1671-1' WHERE `id`=1323;
UPDATE `dp_teachers` SET `addressId`='BZM8070-0' WHERE `id`=1327;
UPDATE `dp_teachers` SET `addressId`='DQC5906-2' WHERE `id`=1328;
UPDATE `dp_teachers` SET `addressId`='FBL5898-0' WHERE `id`=1332;
UPDATE `dp_teachers` SET `addressId`='DWB0013-0' WHERE `id`=1333;
UPDATE `dp_teachers` SET `addressId`='FNT6760-1' WHERE `id`=1336;
UPDATE `dp_teachers` SET `addressId`='FLB2895-2' WHERE `id`=1337;
UPDATE `dp_teachers` SET `addressId`='CNL6779-3' WHERE `id`=1343;
UPDATE `dp_teachers` SET `addressId`='BDM7922-7' WHERE `id`=1347;
UPDATE `dp_teachers` SET `addressId`='CRW8372-6' WHERE `id`=1354;
UPDATE `dp_teachers` SET `addressId`='DYV2155-2' WHERE `id`=1355;
UPDATE `dp_teachers` SET `addressId`='CPZ3765-1' WHERE `id`=1357;
UPDATE `dp_teachers` SET `addressId`='BRC3117-6' WHERE `id`=1365;
UPDATE `dp_teachers` SET `addressId`='CBY1289-6' WHERE `id`=1367;
UPDATE `dp_teachers` SET `addressId`='BWX0779-5' WHERE `id`=1368;
UPDATE `dp_teachers` SET `addressId`='CKP0851-8' WHERE `id`=1371;
UPDATE `dp_teachers` SET `addressId`='CHF5153-7' WHERE `id`=1374;
UPDATE `dp_teachers` SET `addressId`='DJQ8033-0' WHERE `id`=1375;
UPDATE `dp_teachers` SET `addressId`='FVR5656-5' WHERE `id`=1377;
UPDATE `dp_teachers` SET `addressId`='BZQ0535-5' WHERE `id`=1381;
UPDATE `dp_teachers` SET `addressId`='BGR0365-3' WHERE `id`=1382;
UPDATE `dp_teachers` SET `addressId`='CSK9158-1' WHERE `id`=1385;
UPDATE `dp_teachers` SET `addressId`='BPV7992-0' WHERE `id`=1388;
UPDATE `dp_teachers` SET `addressId`='CRC8908-6' WHERE `id`=1391;
UPDATE `dp_teachers` SET `addressId`='CPP0705-2' WHERE `id`=1395;
UPDATE `dp_teachers` SET `addressId`='DXS5758-0' WHERE `id`=1396;
UPDATE `dp_teachers` SET `addressId`='DQT2096-1' WHERE `id`=1397;
UPDATE `dp_teachers` SET `addressId`='CBX6320-2' WHERE `id`=1399;
UPDATE `dp_teachers` SET `addressId`='CQJ1063-7' WHERE `id`=1402;
UPDATE `dp_teachers` SET `addressId`='DVK5702-7' WHERE `id`=1408;
UPDATE `dp_teachers` SET `addressId`='FBR3905-9' WHERE `id`=1409;
UPDATE `dp_teachers` SET `addressId`='BZR7236-0' WHERE `id`=1411;
UPDATE `dp_teachers` SET `addressId`='CLY3006-7' WHERE `id`=1412;
UPDATE `dp_teachers` SET `addressId`='BFQ3113-7' WHERE `id`=1417;
UPDATE `dp_teachers` SET `addressId`='CQG7070-0' WHERE `id`=1422;
UPDATE `dp_teachers` SET `addressId`='BPT2036-0' WHERE `id`=1423;
UPDATE `dp_teachers` SET `addressId`='BZS6923-7' WHERE `id`=1425;
UPDATE `dp_teachers` SET `addressId`='FMR6138-0' WHERE `id`=1426;
UPDATE `dp_teachers` SET `addressId`='FCG7795-8' WHERE `id`=1427;
UPDATE `dp_teachers` SET `addressId`='CGW7890-5' WHERE `id`=1428;
UPDATE `dp_teachers` SET `addressId`='FBG7170-5' WHERE `id`=1434;
UPDATE `dp_teachers` SET `addressId`='CCX3799-1' WHERE `id`=1436;
UPDATE `dp_teachers` SET `addressId`='BZP7027-2' WHERE `id`=1438;
UPDATE `dp_teachers` SET `addressId`='CZF2781-7' WHERE `id`=1439;
UPDATE `dp_teachers` SET `addressId`='DNX2622-5' WHERE `id`=1443;
UPDATE `dp_teachers` SET `addressId`='BYW7757-3' WHERE `id`=1444;
UPDATE `dp_teachers` SET `addressId`='BYZ6618-5' WHERE `id`=1449;
UPDATE `dp_teachers` SET `addressId`='FSV8363-0' WHERE `id`=1452;
UPDATE `dp_teachers` SET `addressId`='FDJ5595-0' WHERE `id`=1456;
UPDATE `dp_teachers` SET `addressId`='CKP0851-8' WHERE `id`=1457;
UPDATE `dp_teachers` SET `addressId`='CLN6820-6' WHERE `id`=1459;
UPDATE `dp_teachers` SET `addressId`='DMM1958-0' WHERE `id`=1462;
UPDATE `dp_teachers` SET `addressId`='GBR6122-5' WHERE `id`=1472;
UPDATE `dp_teachers` SET `addressId`='DVS9520-3' WHERE `id`=1475;
UPDATE `dp_teachers` SET `addressId`='CPT5866-9' WHERE `id`=1478;
UPDATE `dp_teachers` SET `addressId`='FCC8708-1' WHERE `id`=1480;
UPDATE `dp_teachers` SET `addressId`='CKP0851-8' WHERE `id`=1481;
UPDATE `dp_teachers` SET `addressId`='BSX8223-8' WHERE `id`=1483;
UPDATE `dp_teachers` SET `addressId`='CHY3825-6' WHERE `id`=1484;
UPDATE `dp_teachers` SET `addressId`='FNG6355-8' WHERE `id`=1489;
UPDATE `dp_teachers` SET `addressId`='FXY0767-2' WHERE `id`=1491;
UPDATE `dp_teachers` SET `addressId`='BMG6168-0' WHERE `id`=1493;
UPDATE `dp_teachers` SET `addressId`='BVK3920-2' WHERE `id`=1495;
UPDATE `dp_teachers` SET `addressId`='BHX0098-5' WHERE `id`=1496;
UPDATE `dp_teachers` SET `addressId`='BYW5207-0' WHERE `id`=1498;
UPDATE `dp_teachers` SET `addressId`='FPG9336-2' WHERE `id`=1504;
UPDATE `dp_teachers` SET `addressId`='BMW8668-8' WHERE `id`=1506;
UPDATE `dp_teachers` SET `addressId`='FDK7553-2' WHERE `id`=1512;
UPDATE `dp_teachers` SET `addressId`='DNS7855-0' WHERE `id`=1515;
UPDATE `dp_teachers` SET `addressId`='CJM9203-1' WHERE `id`=1518;
UPDATE `dp_teachers` SET `addressId`='DNH7761-0' WHERE `id`=1522;
UPDATE `dp_teachers` SET `addressId`='CRZ6880-8' WHERE `id`=1523;
UPDATE `dp_teachers` SET `addressId`='FPT1731-2' WHERE `id`=1526;
UPDATE `dp_teachers` SET `addressId`='FBG7170-5' WHERE `id`=1528;
UPDATE `dp_teachers` SET `addressId`='CHB6772-7' WHERE `id`=1531;
UPDATE `dp_teachers` SET `addressId`='BBF7521-1' WHERE `id`=1532;
UPDATE `dp_teachers` SET `addressId`='CSB3881-2' WHERE `id`=1534;
UPDATE `dp_teachers` SET `addressId`='CMS9610-6' WHERE `id`=1535;
UPDATE `dp_teachers` SET `addressId`='BBB8769-2' WHERE `id`=1537;
UPDATE `dp_teachers` SET `addressId`='BBH0755-0' WHERE `id`=1538;
UPDATE `dp_teachers` SET `addressId`='DKD8732-6' WHERE `id`=1541;
UPDATE `dp_teachers` SET `addressId`='BRX9161-9' WHERE `id`=1545;
UPDATE `dp_teachers` SET `addressId`='BVC5505-0' WHERE `id`=1546;
UPDATE `dp_teachers` SET `addressId`='CYS7798-5' WHERE `id`=1549;
UPDATE `dp_teachers` SET `addressId`='FPY5829-8' WHERE `id`=1551;
UPDATE `dp_teachers` SET `addressId`='CKY6017-6' WHERE `id`=1553;
UPDATE `dp_teachers` SET `addressId`='DGR3515-6' WHERE `id`=1556;
UPDATE `dp_teachers` SET `addressId`='BBF8500-0' WHERE `id`=1559;
UPDATE `dp_teachers` SET `addressId`='CQB9253-2' WHERE `id`=1563;
UPDATE `dp_teachers` SET `addressId`='CVX3537-1' WHERE `id`=1565;
UPDATE `dp_teachers` SET `addressId`='CNL7068-3' WHERE `id`=1569;
UPDATE `dp_teachers` SET `addressId`='BWP9538-0' WHERE `id`=1572;
UPDATE `dp_teachers` SET `addressId`='FFM8782-3' WHERE `id`=1576;
UPDATE `dp_teachers` SET `addressId`='CQM0759-2' WHERE `id`=1580;
UPDATE `dp_teachers` SET `addressId`='DBL6327-7' WHERE `id`=1585;
UPDATE `dp_teachers` SET `addressId`='DLR9171-0' WHERE `id`=1591;
UPDATE `dp_teachers` SET `addressId`='DDZ8678-7' WHERE `id`=1592;
UPDATE `dp_teachers` SET `addressId`='BZW8765-3' WHERE `id`=1598;
UPDATE `dp_teachers` SET `addressId`='DFV2698-2' WHERE `id`=1600;
UPDATE `dp_teachers` SET `addressId`='CJM7631-0' WHERE `id`=1601;
UPDATE `dp_teachers` SET `addressId`='CHT7132-0' WHERE `id`=1602;
UPDATE `dp_teachers` SET `addressId`='CKJ9332-0' WHERE `id`=1604;
UPDATE `dp_teachers` SET `addressId`='CGW9578-8' WHERE `id`=1607;
UPDATE `dp_teachers` SET `addressId`='DJZ3369-0' WHERE `id`=1613;
UPDATE `dp_teachers` SET `addressId`='DKL0161-0' WHERE `id`=1614;
UPDATE `dp_teachers` SET `addressId`='DNY5850-1' WHERE `id`=1615;
UPDATE `dp_teachers` SET `addressId`='DGW9130-7' WHERE `id`=1616;
UPDATE `dp_teachers` SET `addressId`='FYV9326-9' WHERE `id`=1617;
UPDATE `dp_teachers` SET `addressId`='DMF1756-2' WHERE `id`=1619;
UPDATE `dp_teachers` SET `addressId`='DWH7773-6' WHERE `id`=1624;
UPDATE `dp_teachers` SET `addressId`='CSB3998-5' WHERE `id`=1626;
UPDATE `dp_teachers` SET `addressId`='FBX6998-7' WHERE `id`=1627;
UPDATE `dp_teachers` SET `addressId`='DQR7011-0' WHERE `id`=1629;
UPDATE `dp_teachers` SET `addressId`='BRB5087-0' WHERE `id`=1630;
UPDATE `dp_teachers` SET `addressId`='CPV5009-0' WHERE `id`=1631;
UPDATE `dp_teachers` SET `addressId`='DQX5908-0' WHERE `id`=1632;
UPDATE `dp_teachers` SET `addressId`='CNW8339-7' WHERE `id`=1633;
UPDATE `dp_teachers` SET `addressId`='DKJ8361-9' WHERE `id`=1635;
UPDATE `dp_teachers` SET `addressId`='FYB2613-5' WHERE `id`=1636;
UPDATE `dp_teachers` SET `addressId`='CTW8001-3' WHERE `id`=1637;
UPDATE `dp_teachers` SET `addressId`='FRB8696-1' WHERE `id`=1638;
UPDATE `dp_teachers` SET `addressId`='DCW5607-9' WHERE `id`=1639;
UPDATE `dp_teachers` SET `addressId`='CSW7631-8' WHERE `id`=1642;
UPDATE `dp_teachers` SET `addressId`='CMM8659-3' WHERE `id`=1644;
UPDATE `dp_teachers` SET `addressId`='BBB2111-2' WHERE `id`=1646;
UPDATE `dp_teachers` SET `addressId`='CNZ1816-1' WHERE `id`=1647;
UPDATE `dp_teachers` SET `addressId`='DKR3757-0' WHERE `id`=1648;
UPDATE `dp_teachers` SET `addressId`='BPS7153-9' WHERE `id`=1649;
UPDATE `dp_teachers` SET `addressId`='CMX7969-6' WHERE `id`=1650;
UPDATE `dp_teachers` SET `addressId`='BRX9161-9' WHERE `id`=1652;
UPDATE `dp_teachers` SET `addressId`='DLJ3861-0' WHERE `id`=1653;
UPDATE `dp_teachers` SET `addressId`='BBH1826-1' WHERE `id`=1655;
UPDATE `dp_teachers` SET `addressId`='DGS6988-1' WHERE `id`=1656;
UPDATE `dp_teachers` SET `addressId`='CJG5175-3' WHERE `id`=1661;
UPDATE `dp_teachers` SET `addressId`='CFJ7070-6' WHERE `id`=1664;
UPDATE `dp_teachers` SET `addressId`='FJP0110-6' WHERE `id`=1667;
UPDATE `dp_teachers` SET `addressId`='BXN9755-9' WHERE `id`=1669;
UPDATE `dp_teachers` SET `addressId`='CKP0851-8' WHERE `id`=1671;
UPDATE `dp_teachers` SET `addressId`='CQB6831-2' WHERE `id`=1674;
UPDATE `dp_teachers` SET `addressId`='CVD5879-9' WHERE `id`=1676;
UPDATE `dp_teachers` SET `addressId`='FPD0309-3' WHERE `id`=1678;
UPDATE `dp_teachers` SET `addressId`='BBB8610-0' WHERE `id`=1681;
UPDATE `dp_teachers` SET `addressId`='FFG5399-3' WHERE `id`=1682;
UPDATE `dp_teachers` SET `addressId`='BGF3012-3' WHERE `id`=1684;
UPDATE `dp_teachers` SET `addressId`='CMT9005-6' WHERE `id`=1687;
UPDATE `dp_teachers` SET `addressId`='CSF5759-5' WHERE `id`=1688;
UPDATE `dp_teachers` SET `addressId`='DNY5851-2' WHERE `id`=1689;
UPDATE `dp_teachers` SET `addressId`='CPR5576-1' WHERE `id`=1690;
UPDATE `dp_teachers` SET `addressId`='CWS6865-2' WHERE `id`=1692;
UPDATE `dp_teachers` SET `addressId`='BYW3619-9' WHERE `id`=1693;
UPDATE `dp_teachers` SET `addressId`='CNY6921-7' WHERE `id`=1694;
UPDATE `dp_teachers` SET `addressId`='BGC6520-0' WHERE `id`=1695;
UPDATE `dp_teachers` SET `addressId`='BPP8267-7' WHERE `id`=1701;
UPDATE `dp_teachers` SET `addressId`='CPC7951-2' WHERE `id`=1706;
UPDATE `dp_teachers` SET `addressId`='CCG1886-1' WHERE `id`=1708;
UPDATE `dp_teachers` SET `addressId`='DZF3053-2' WHERE `id`=1709;
UPDATE `dp_teachers` SET `addressId`='FPY3726-3' WHERE `id`=1715;
UPDATE `dp_teachers` SET `addressId`='FQG9755-3' WHERE `id`=1716;
UPDATE `dp_teachers` SET `addressId`='DWH8979-1' WHERE `id`=1721;
UPDATE `dp_teachers` SET `addressId`='CRP0119-2' WHERE `id`=1723;
UPDATE `dp_teachers` SET `addressId`='DRG6391-2' WHERE `id`=1725;
UPDATE `dp_teachers` SET `addressId`='DRX0180-0' WHERE `id`=1729;
UPDATE `dp_teachers` SET `addressId`='CQB7716-5' WHERE `id`=1734;
UPDATE `dp_teachers` SET `addressId`='DWD6902-8' WHERE `id`=1740;
UPDATE `dp_teachers` SET `addressId`='FRZ8239-0' WHERE `id`=1743;
UPDATE `dp_teachers` SET `addressId`='BZR7236-0' WHERE `id`=1745;
UPDATE `dp_teachers` SET `addressId`='BBD7727-9' WHERE `id`=1750;
UPDATE `dp_teachers` SET `addressId`='BBH1826-1' WHERE `id`=1754;
UPDATE `dp_teachers` SET `addressId`='BWM0811-2' WHERE `id`=1757;
UPDATE `dp_teachers` SET `addressId`='DTL9853-6' WHERE `id`=1758;
UPDATE `dp_teachers` SET `addressId`='FDQ1769-8' WHERE `id`=1759;
UPDATE `dp_teachers` SET `addressId`='CBH5698-5' WHERE `id`=1762;
UPDATE `dp_teachers` SET `addressId`='FXY0767-2' WHERE `id`=1764;
UPDATE `dp_teachers` SET `addressId`='CSY3222-9' WHERE `id`=1769;
UPDATE `dp_teachers` SET `addressId`='DFN8761-7' WHERE `id`=1771;
UPDATE `dp_teachers` SET `addressId`='BQR0102-0' WHERE `id`=1772;
UPDATE `dp_teachers` SET `addressId`='DTM0078-0' WHERE `id`=1773;
UPDATE `dp_teachers` SET `addressId`='BSX1113-5' WHERE `id`=1774;
UPDATE `dp_teachers` SET `addressId`='DBL6327-7' WHERE `id`=1775;
UPDATE `dp_teachers` SET `addressId`='CXZ2630-6' WHERE `id`=1778;
UPDATE `dp_teachers` SET `addressId`='DRC0215-9' WHERE `id`=1779;
UPDATE `dp_teachers` SET `addressId`='CBW6535-0' WHERE `id`=1780;
UPDATE `dp_teachers` SET `addressId`='DTJ7331-7' WHERE `id`=1784;
UPDATE `dp_teachers` SET `addressId`='DTM8155-8' WHERE `id`=1785;
UPDATE `dp_teachers` SET `addressId`='DMW3212-3' WHERE `id`=1794;
UPDATE `dp_teachers` SET `addressId`='DGR2571-0' WHERE `id`=1795;
UPDATE `dp_teachers` SET `addressId`='DHX1590-0' WHERE `id`=1797;
UPDATE `dp_teachers` SET `addressId`='FCR9850-0' WHERE `id`=1800;
UPDATE `dp_teachers` SET `addressId`='DVC8597-6' WHERE `id`=1803;
UPDATE `dp_teachers` SET `addressId`='BZQ1063-8' WHERE `id`=1809;
UPDATE `dp_teachers` SET `addressId`='FCB5951-3' WHERE `id`=1811;
UPDATE `dp_teachers` SET `addressId`='BVB6321-2' WHERE `id`=1813;
UPDATE `dp_teachers` SET `addressId`='BZQ0535-5' WHERE `id`=1827;
UPDATE `dp_teachers` SET `addressId`='CLB5203-2' WHERE `id`=1828;
UPDATE `dp_teachers` SET `addressId`='CYN7555-8' WHERE `id`=1830;
UPDATE `dp_teachers` SET `addressId`='CBM0818-5' WHERE `id`=1833;
UPDATE `dp_teachers` SET `addressId`='FBP0738-0' WHERE `id`=1834;
UPDATE `dp_teachers` SET `addressId`='BGC6520-0' WHERE `id`=1835;
UPDATE `dp_teachers` SET `addressId`='CVZ2908-5' WHERE `id`=1840;
UPDATE `dp_teachers` SET `addressId`='BYY1968-9' WHERE `id`=1841;
UPDATE `dp_teachers` SET `addressId`='BBH1826-1' WHERE `id`=1842;
UPDATE `dp_teachers` SET `addressId`='CLM6031-0' WHERE `id`=1862;
UPDATE `dp_teachers` SET `addressId`='DLK2931-8' WHERE `id`=1868;
UPDATE `dp_teachers` SET `addressId`='CCL9585-3' WHERE `id`=1872;
UPDATE `dp_teachers` SET `addressId`='BFG0758-6' WHERE `id`=1875;
UPDATE `dp_teachers` SET `addressId`='CZJ0520-5' WHERE `id`=1877;
UPDATE `dp_teachers` SET `addressId`='FQM3926-6' WHERE `id`=1882;
UPDATE `dp_teachers` SET `addressId`='FQW0031-3' WHERE `id`=1883;
UPDATE `dp_teachers` SET `addressId`='FQQ6150-9' WHERE `id`=1884;
UPDATE `dp_teachers` SET `addressId`='FQS9715-6' WHERE `id`=1886;
UPDATE `dp_teachers` SET `addressId`='FNB9718-7' WHERE `id`=1887;
UPDATE `dp_teachers` SET `addressId`='FMX0757-1' WHERE `id`=1888;
UPDATE `dp_teachers` SET `addressId`='FNY7512-1' WHERE `id`=1889;
UPDATE `dp_teachers` SET `addressId`='FRM6667-3' WHERE `id`=1890;
UPDATE `dp_teachers` SET `addressId`='FNJ3062-6' WHERE `id`=1891;
UPDATE `dp_teachers` SET `addressId`='FRD9552-0' WHERE `id`=1892;
UPDATE `dp_teachers` SET `addressId`='FQK9935-0' WHERE `id`=1932;
UPDATE `dp_teachers` SET `addressId`='FNQ2119-1' WHERE `id`=1934;
UPDATE `dp_teachers` SET `addressId`='DDT9820-3' WHERE `id`=1935;
UPDATE `dp_teachers` SET `addressId`='DDT9820-3' WHERE `id`=1936;
UPDATE `dp_teachers` SET `addressId`='BWK8016-6' WHERE `id`=1937;
UPDATE `dp_teachers` SET `addressId`='FPB6752-2' WHERE `id`=1938;
UPDATE `dp_teachers` SET `addressId`='FFJ3976-7' WHERE `id`=1939;
UPDATE `dp_teachers` SET `addressId`='BRD3310-0' WHERE `id`=1942;
UPDATE `dp_teachers` SET `addressId`='FMT9251-1' WHERE `id`=1943;
UPDATE `dp_teachers` SET `addressId`='FBR6567-2' WHERE `id`=1946;
UPDATE `dp_teachers` SET `addressId`='DDM3802-8' WHERE `id`=1947;
UPDATE `dp_teachers` SET `addressId`='FNJ9262-6' WHERE `id`=1952;
UPDATE `dp_teachers` SET `addressId`='FMN0133-6' WHERE `id`=1955;
UPDATE `dp_teachers` SET `addressId`='DBF8853-7' WHERE `id`=1957;
UPDATE `dp_teachers` SET `addressId`='FRC7227-8' WHERE `id`=1958;
UPDATE `dp_teachers` SET `addressId`='FPY8550-8' WHERE `id`=1961;
UPDATE `dp_teachers` SET `addressId`='FNH5256-7' WHERE `id`=1962;
UPDATE `dp_teachers` SET `addressId`='FND8571-1' WHERE `id`=1963;
UPDATE `dp_teachers` SET `addressId`='FPZ0765-3' WHERE `id`=1966;
UPDATE `dp_teachers` SET `addressId`='FPN9021-7' WHERE `id`=1967;
UPDATE `dp_teachers` SET `addressId`='DYG9871-1' WHERE `id`=1968;
UPDATE `dp_teachers` SET `addressId`='FGC1961-2' WHERE `id`=1969;
UPDATE `dp_teachers` SET `addressId`='FXY0767-2' WHERE `id`=1991;
UPDATE `dp_teachers` SET `addressId`='FYM6761-7' WHERE `id`=1993;
UPDATE `dp_teachers` SET `addressId`='FXY0767-2' WHERE `id`=1994;
UPDATE `dp_teachers` SET `addressId`='BGL6123-7' WHERE `id`=2001;
UPDATE `dp_teachers` SET `addressId`='DDM6505-3' WHERE `id`=2002;
UPDATE `dp_teachers` SET `addressId`='CMY0899-6' WHERE `id`=2006;
UPDATE `dp_teachers` SET `addressId`='CMX7208-1' WHERE `id`=2007;
UPDATE `dp_teachers` SET `addressId`='CLQ2703-6' WHERE `id`=2010;
UPDATE `dp_teachers` SET `addressId`='DJX3302-1' WHERE `id`=2011;
UPDATE `dp_teachers` SET `addressId`='DRN2262-9' WHERE `id`=2012;
UPDATE `dp_teachers` SET `addressId`='FVY9901-5' WHERE `id`=2015;
UPDATE `dp_teachers` SET `addressId`='CSZ5218-6' WHERE `id`=2016;
UPDATE `dp_teachers` SET `addressId`='DKL7912-3' WHERE `id`=2018;
UPDATE `dp_teachers` SET `addressId`='DPR9102-5' WHERE `id`=2020;
UPDATE `dp_teachers` SET `addressId`='BZQ1917-9' WHERE `id`=2029;
UPDATE `dp_teachers` SET `addressId`='BSC2119-0' WHERE `id`=2032;
UPDATE `dp_teachers` SET `addressId`='BWZ7897-8' WHERE `id`=2036;
UPDATE `dp_teachers` SET `addressId`='BXZ6012-5' WHERE `id`=2038;
UPDATE `dp_teachers` SET `addressId`='BXP1612-8' WHERE `id`=2040;
UPDATE `dp_teachers` SET `addressId`='FSS9557-1' WHERE `id`=2043;
UPDATE `dp_teachers` SET `addressId`='DVZ0136-3' WHERE `id`=2052;
UPDATE `dp_teachers` SET `addressId`='FWK2607-0' WHERE `id`=2053;
UPDATE `dp_teachers` SET `addressId`='FSR2253-6' WHERE `id`=2055;
UPDATE `dp_teachers` SET `addressId`='DYV7750-6' WHERE `id`=2059;
UPDATE `dp_teachers` SET `addressId`='BQB7935-7' WHERE `id`=2066;
UPDATE `dp_teachers` SET `addressId`='FHZ5723-8' WHERE `id`=2067;
UPDATE `dp_teachers` SET `addressId`='CJZ1096-0' WHERE `id`=2094;
UPDATE `dp_teachers` SET `addressId`='DJR6727-0' WHERE `id`=2095;
UPDATE `dp_teachers` SET `addressId`='FQL2070-3' WHERE `id`=2129;
UPDATE `dp_teachers` SET `addressId`='FFP6255-8' WHERE `id`=2134;
UPDATE `dp_teachers` SET `addressId`='FNH6558-1' WHERE `id`=2136;
UPDATE `dp_teachers` SET `addressId`='FPS8810-3' WHERE `id`=2138;
UPDATE `dp_teachers` SET `addressId`='BXG1958-6' WHERE `id`=2167;
UPDATE `dp_teachers` SET `addressId`='FQT9675-0' WHERE `id`=2170;
UPDATE `dp_teachers` SET `addressId`='FNH1833-1' WHERE `id`=2171;
UPDATE `dp_teachers` SET `addressId`='FMQ2575-6' WHERE `id`=2177;
UPDATE `dp_teachers` SET `addressId`='CCF5717-7' WHERE `id`=2178;
UPDATE `dp_teachers` SET `addressId`='BDZ8685-1' WHERE `id`=2180;
UPDATE `dp_teachers` SET `addressId`='CGW7890-5' WHERE `id`=2181;
UPDATE `dp_teachers` SET `addressId`='CGY1959-5' WHERE `id`=2182;
UPDATE `dp_teachers` SET `addressId`='DWW0201-7' WHERE `id`=2186;
UPDATE `dp_teachers` SET `addressId`='BBL0583-2' WHERE `id`=2187;
UPDATE `dp_teachers` SET `addressId`='BBV5961-9' WHERE `id`=2188;
UPDATE `dp_teachers` SET `addressId`='CXB5873-5' WHERE `id`=2334;
UPDATE `dp_teachers` SET `addressId`='DRV2375-7' WHERE `id`=2335;
UPDATE `dp_teachers` SET `addressId`='CSZ5218-6' WHERE `id`=2350;
UPDATE `dp_teachers` SET `addressId`='BPY1339-8' WHERE `id`=2378;
UPDATE `dp_teachers` SET `addressId`='FHT8928-6' WHERE `id`=2379;
UPDATE `dp_teachers` SET `addressId`='FCJ6258-3' WHERE `id`=2380;
UPDATE `dp_teachers` SET `addressId`='DXH6886-6' WHERE `id`=2381;
UPDATE `dp_teachers` SET `addressId`='BDR0008-3' WHERE `id`=2382;
UPDATE `dp_teachers` SET `addressId`='BDW7988-5' WHERE `id`=2383;
UPDATE `dp_teachers` SET `addressId`='BWP0893-0' WHERE `id`=2384;
UPDATE `dp_teachers` SET `addressId`='DLN9250-2' WHERE `id`=2385;
UPDATE `dp_teachers` SET `addressId`='DRG7920-0' WHERE `id`=2386;
UPDATE `dp_teachers` SET `addressId`='DSH7277-7' WHERE `id`=2387;
UPDATE `dp_teachers` SET `addressId`='FXK8335-5' WHERE `id`=2388;
UPDATE `dp_teachers` SET `addressId`='FTH6978-8' WHERE `id`=2390;
UPDATE `dp_teachers` SET `addressId`='FTH6978-8' WHERE `id`=2391;
UPDATE `dp_teachers` SET `addressId`='BZS1723-0' WHERE `id`=2392;
UPDATE `dp_teachers` SET `addressId`='BZQ3377-0' WHERE `id`=2393;
UPDATE `dp_teachers` SET `addressId`='CBD1763-6' WHERE `id`=2394;
UPDATE `dp_teachers` SET `addressId`='CKG5869-2' WHERE `id`=2395;
UPDATE `dp_teachers` SET `addressId`='DTV1809-0' WHERE `id`=2396;
UPDATE `dp_teachers` SET `addressId`='CPY2322-0' WHERE `id`=2397;
UPDATE `dp_teachers` SET `addressId`='CQB9170-0' WHERE `id`=2398;
UPDATE `dp_teachers` SET `addressId`='FHJ7536-5' WHERE `id`=2401;
UPDATE `dp_teachers` SET `addressId`='FVZ5980-9' WHERE `id`=2402;
UPDATE `dp_teachers` SET `addressId`='FVB5058-3' WHERE `id`=2403;
UPDATE `dp_teachers` SET `addressId`='BFX2359-2' WHERE `id`=2404;
UPDATE `dp_teachers` SET `addressId`='CFB8771-1' WHERE `id`=2405;
UPDATE `dp_teachers` SET `addressId`='DHL7668-9' WHERE `id`=2406;
UPDATE `dp_teachers` SET `addressId`='BSF0952-7' WHERE `id`=2407;
UPDATE `dp_teachers` SET `addressId`='BRY8387-6' WHERE `id`=2408;
UPDATE `dp_teachers` SET `addressId`='BSX7063-6' WHERE `id`=2409;
UPDATE `dp_teachers` SET `addressId`='FBV6106-2' WHERE `id`=2410;
UPDATE `dp_teachers` SET `addressId`='DFF2602-3' WHERE `id`=2411;
UPDATE `dp_teachers` SET `addressId`='DFD2663-1' WHERE `id`=2412;
UPDATE `dp_teachers` SET `addressId`='DDD2299-6' WHERE `id`=2413;
UPDATE `dp_teachers` SET `addressId`='BYR6297-2' WHERE `id`=2414;
UPDATE `dp_teachers` SET `addressId`='BWY7629-5' WHERE `id`=2415;
UPDATE `dp_teachers` SET `addressId`='FPH6172-3' WHERE `id`=2416;
UPDATE `dp_teachers` SET `addressId`='BDS5232-5' WHERE `id`=2417;
UPDATE `dp_teachers` SET `addressId`='DPR7737-6' WHERE `id`=2456;
UPDATE `dp_teachers` SET `addressId`='CLX3132-7' WHERE `id`=2457;
UPDATE `dp_teachers` SET `addressId`='CNX7636-3' WHERE `id`=2458;
UPDATE `dp_teachers` SET `addressId`='CNX7636-3' WHERE `id`=2459;
UPDATE `dp_teachers` SET `addressId`='CJY8009-8' WHERE `id`=2460;
UPDATE `dp_teachers` SET `addressId`='CJY8009-8' WHERE `id`=2461;
UPDATE `dp_teachers` SET `addressId`='DLG0551-7' WHERE `id`=2462;
UPDATE `dp_teachers` SET `addressId`='DLM2970-5' WHERE `id`=2463;
UPDATE `dp_teachers` SET `addressId`='DNX5133-5' WHERE `id`=2464;
UPDATE `dp_teachers` SET `addressId`='DPX2518-1' WHERE `id`=2465;
UPDATE `dp_teachers` SET `addressId`='DGL3582-1' WHERE `id`=2466;
UPDATE `dp_teachers` SET `addressId`='DVX5520-8' WHERE `id`=2467;
UPDATE `dp_teachers` SET `addressId`='DNX3920-6' WHERE `id`=2468;
UPDATE `dp_teachers` SET `addressId`='DQZ9082-9' WHERE `id`=2469;
UPDATE `dp_teachers` SET `addressId`='FHY3055-1' WHERE `id`=2470;
UPDATE `dp_teachers` SET `addressId`='FCS1177-3' WHERE `id`=2471;
UPDATE `dp_teachers` SET `addressId`='DZF9776-5' WHERE `id`=2472;
UPDATE `dp_teachers` SET `addressId`='CMY0899-6' WHERE `id`=2473;
UPDATE `dp_teachers` SET `addressId`='CFQ3897-5' WHERE `id`=2474;
UPDATE `dp_teachers` SET `addressId`='CCH8693-8' WHERE `id`=2475;
UPDATE `dp_teachers` SET `addressId`='CFG5322-9' WHERE `id`=2476;
UPDATE `dp_teachers` SET `addressId`='CPY6216-5' WHERE `id`=2477;
UPDATE `dp_teachers` SET `addressId`='DGH6071-0' WHERE `id`=2478;
UPDATE `dp_teachers` SET `addressId`='DPS6030-9' WHERE `id`=2479;
UPDATE `dp_teachers` SET `addressId`='FVK1330-0' WHERE `id`=2480;
UPDATE `dp_teachers` SET `addressId`='BHW5089-9' WHERE `id`=2481;
UPDATE `dp_teachers` SET `addressId`='BKD5156-0' WHERE `id`=2482;
UPDATE `dp_teachers` SET `addressId`='CMV7232-1' WHERE `id`=2483;
UPDATE `dp_teachers` SET `addressId`='BFY7639-2' WHERE `id`=2484;
UPDATE `dp_teachers` SET `addressId`='BBL3637-1' WHERE `id`=2485;
UPDATE `dp_teachers` SET `addressId`='BZY0731-1' WHERE `id`=2486;
UPDATE `dp_teachers` SET `addressId`='CBP6630-9' WHERE `id`=2487;
UPDATE `dp_teachers` SET `addressId`='CBS1862-8' WHERE `id`=2488;
UPDATE `dp_teachers` SET `addressId`='CBS6137-6' WHERE `id`=2489;
UPDATE `dp_teachers` SET `addressId`='CBB5658-1' WHERE `id`=2490;
UPDATE `dp_teachers` SET `addressId`='CJL6596-5' WHERE `id`=2491;
UPDATE `dp_teachers` SET `addressId`='DMS2538-3' WHERE `id`=2492;
UPDATE `dp_teachers` SET `addressId`='DNT5171-6' WHERE `id`=2495;
UPDATE `dp_teachers` SET `addressId`='DTW3527-6' WHERE `id`=2496;
UPDATE `dp_teachers` SET `addressId`='BGY1232-6' WHERE `id`=2497;
UPDATE `dp_teachers` SET `addressId`='CZP5886-7' WHERE `id`=2498;
UPDATE `dp_teachers` SET `addressId`='BHF2693-0' WHERE `id`=2500;
UPDATE `dp_teachers` SET `addressId`='BGZ8260-2' WHERE `id`=2501;
UPDATE `dp_teachers` SET `addressId`='BHY8751-8' WHERE `id`=2502;
UPDATE `dp_teachers` SET `addressId`='CZM8658-9' WHERE `id`=2503;
UPDATE `dp_teachers` SET `addressId`='BZB8213-1' WHERE `id`=2504;
UPDATE `dp_teachers` SET `addressId`='DNS3881-6' WHERE `id`=2505;
UPDATE `dp_teachers` SET `addressId`='CPT1762-6' WHERE `id`=2506;
UPDATE `dp_teachers` SET `addressId`='DCM9609-7' WHERE `id`=2507;
UPDATE `dp_teachers` SET `addressId`='DJY1323-3' WHERE `id`=2508;
UPDATE `dp_teachers` SET `addressId`='DGR3515-6' WHERE `id`=2514;
UPDATE `dp_teachers` SET `addressId`='DTF3585-6' WHERE `id`=2515;
UPDATE `dp_teachers` SET `addressId`='DKL8005-1' WHERE `id`=2516;
UPDATE `dp_teachers` SET `addressId`='DTR3393-0' WHERE `id`=2517;
UPDATE `dp_teachers` SET `addressId`='DMR0772-9' WHERE `id`=2519;
UPDATE `dp_teachers` SET `addressId`='DVK0980-7' WHERE `id`=2520;
UPDATE `dp_teachers` SET `addressId`='DGS7357-0' WHERE `id`=2521;
UPDATE `dp_teachers` SET `addressId`='DNM9265-7' WHERE `id`=2522;
UPDATE `dp_teachers` SET `addressId`='DSZ9965-7' WHERE `id`=2523;
UPDATE `dp_teachers` SET `addressId`='DKJ6526-3' WHERE `id`=2524;
UPDATE `dp_teachers` SET `addressId`='DJP1782-7' WHERE `id`=2525;
UPDATE `dp_teachers` SET `addressId`='FSV9260-8' WHERE `id`=2526;
UPDATE `dp_teachers` SET `addressId`='DWX2219-0' WHERE `id`=2528;
UPDATE `dp_teachers` SET `addressId`='DWQ7093-3' WHERE `id`=2529;
UPDATE `dp_teachers` SET `addressId`='DVS9028-7' WHERE `id`=2531;
UPDATE `dp_teachers` SET `addressId`='DRW0798-2' WHERE `id`=2532;
UPDATE `dp_teachers` SET `addressId`='DRW7670-6' WHERE `id`=2533;
UPDATE `dp_teachers` SET `addressId`='DNH0707-6' WHERE `id`=2534;
UPDATE `dp_teachers` SET `addressId`='CRS2085-2' WHERE `id`=2535;
UPDATE `dp_teachers` SET `addressId`='DQV2628-2' WHERE `id`=2536;
UPDATE `dp_teachers` SET `addressId`='DTF6587-0' WHERE `id`=2537;
UPDATE `dp_teachers` SET `addressId`='DNS0609-0' WHERE `id`=2538;
UPDATE `dp_teachers` SET `addressId`='CLD3289-7' WHERE `id`=2539;
UPDATE `dp_teachers` SET `addressId`='DRP7665-9' WHERE `id`=2540;
UPDATE `dp_teachers` SET `addressId`='DVY0192-7' WHERE `id`=2541;
UPDATE `dp_teachers` SET `addressId`='DVY0192-7' WHERE `id`=2542;
UPDATE `dp_teachers` SET `addressId`='DNK2655-9' WHERE `id`=2543;
UPDATE `dp_teachers` SET `addressId`='DNK2655-9' WHERE `id`=2544;
UPDATE `dp_teachers` SET `addressId`='DWS1511-7' WHERE `id`=2545;
UPDATE `dp_teachers` SET `addressId`='DWS1511-7' WHERE `id`=2546;
UPDATE `dp_teachers` SET `addressId`='DWM8855-0' WHERE `id`=2547;
UPDATE `dp_teachers` SET `addressId`='DSZ8771-5' WHERE `id`=2548;
UPDATE `dp_teachers` SET `addressId`='BXM8272-6' WHERE `id`=2551;
UPDATE `dp_teachers` SET `addressId`='BWR7866-6' WHERE `id`=2552;
UPDATE `dp_teachers` SET `addressId`='DGB5875-0' WHERE `id`=2555;
UPDATE `dp_teachers` SET `addressId`='DVW9598-0' WHERE `id`=2557;
UPDATE `dp_teachers` SET `addressId`='DNH7761-0' WHERE `id`=2558;
UPDATE `dp_teachers` SET `addressId`='DJQ7650-5' WHERE `id`=2559;
UPDATE `dp_teachers` SET `addressId`='DJQ7650-5' WHERE `id`=2560;
UPDATE `dp_teachers` SET `addressId`='DJQ7650-5' WHERE `id`=2561;
UPDATE `dp_teachers` SET `addressId`='DSW1330-0' WHERE `id`=2563;
UPDATE `dp_teachers` SET `addressId`='DPK0311-6' WHERE `id`=2564;
UPDATE `dp_teachers` SET `addressId`='DFS1317-2' WHERE `id`=2565;
UPDATE `dp_teachers` SET `addressId`='DQY5696-1' WHERE `id`=2566;
UPDATE `dp_teachers` SET `addressId`='DTB8381-0' WHERE `id`=2567;
UPDATE `dp_teachers` SET `addressId`='DSV1392-0' WHERE `id`=2568;
UPDATE `dp_teachers` SET `addressId`='DRX0821-0' WHERE `id`=2569;
UPDATE `dp_teachers` SET `addressId`='DSZ7705-0' WHERE `id`=2570;
UPDATE `dp_teachers` SET `addressId`='DLY6321-3' WHERE `id`=2571;
UPDATE `dp_teachers` SET `addressId`='DLW9183-3' WHERE `id`=2572;
UPDATE `dp_teachers` SET `addressId`='DKD0685-3' WHERE `id`=2573;
UPDATE `dp_teachers` SET `addressId`='DNH0697-0' WHERE `id`=2574;
UPDATE `dp_teachers` SET `addressId`='FCJ1695-0' WHERE `id`=2575;
UPDATE `dp_teachers` SET `addressId`='BGY5616-3' WHERE `id`=2576;
UPDATE `dp_teachers` SET `addressId`='BHT6902-7' WHERE `id`=2577;
UPDATE `dp_teachers` SET `addressId`='BHF1011-0' WHERE `id`=2578;
UPDATE `dp_teachers` SET `addressId`='BHB3809-3' WHERE `id`=2579;
UPDATE `dp_teachers` SET `addressId`='BGY5616-3' WHERE `id`=2580;
UPDATE `dp_teachers` SET `addressId`='BKM6721-6' WHERE `id`=2582;
UPDATE `dp_teachers` SET `addressId`='BHS2569-2' WHERE `id`=2583;
UPDATE `dp_teachers` SET `addressId`='BHS2569-2' WHERE `id`=2584;
UPDATE `dp_teachers` SET `addressId`='BKH7285-0' WHERE `id`=2585;
UPDATE `dp_teachers` SET `addressId`='BKQ7903-9' WHERE `id`=2586;
UPDATE `dp_teachers` SET `addressId`='BGZ1215-0' WHERE `id`=2587;
UPDATE `dp_teachers` SET `addressId`='BGZ1215-0' WHERE `id`=2588;
UPDATE `dp_teachers` SET `addressId`='BGZ1215-0' WHERE `id`=2589;
UPDATE `dp_teachers` SET `addressId`='BGZ1215-0' WHERE `id`=2590;
UPDATE `dp_teachers` SET `addressId`='CYQ2880-8' WHERE `id`=2634;
UPDATE `dp_teachers` SET `addressId`='FCM1533-9' WHERE `id`=2636;
UPDATE `dp_teachers` SET `addressId`='CHW8787-7' WHERE `id`=2637;
UPDATE `dp_teachers` SET `addressId`='DFV7213-0' WHERE `id`=2638;
UPDATE `dp_teachers` SET `addressId`='DGS3757-7' WHERE `id`=2639;
UPDATE `dp_teachers` SET `addressId`='DTC1699-7' WHERE `id`=2642;
UPDATE `dp_teachers` SET `addressId`='DFJ1382-1' WHERE `id`=2643;
UPDATE `dp_teachers` SET `addressId`='DGY2767-0' WHERE `id`=2644;
UPDATE `dp_teachers` SET `addressId`='DTM3966-5' WHERE `id`=2647;
UPDATE `dp_teachers` SET `addressId`='DNC9206-6' WHERE `id`=2649;
UPDATE `dp_teachers` SET `addressId`='CJZ1268-1' WHERE `id`=2650;
UPDATE `dp_teachers` SET `addressId`='DKD0685-3' WHERE `id`=2651;
UPDATE `dp_teachers` SET `addressId`='DKD0685-3' WHERE `id`=2652;
UPDATE `dp_teachers` SET `addressId`='DJW1556-9' WHERE `id`=2653;
UPDATE `dp_teachers` SET `addressId`='DJW1556-9' WHERE `id`=2654;
UPDATE `dp_teachers` SET `addressId`='DJY7201-9' WHERE `id`=2655;
UPDATE `dp_teachers` SET `addressId`='DJW1556-9' WHERE `id`=2656;
UPDATE `dp_teachers` SET `addressId`='DJW1556-9' WHERE `id`=2657;
UPDATE `dp_teachers` SET `addressId`='FQB9682-3' WHERE `id`=2658;
UPDATE `dp_teachers` SET `addressId`='FLZ0632-3' WHERE `id`=2676;
UPDATE `dp_teachers` SET `addressId`='FQW5565-9' WHERE `id`=2693;
UPDATE `dp_teachers` SET `addressId`='DQZ7832-5' WHERE `id`=2694;
UPDATE `dp_teachers` SET `addressId`='FVC3751-5' WHERE `id`=2695;
UPDATE `dp_teachers` SET `addressId`='DFR0267-0' WHERE `id`=2700;
UPDATE `dp_teachers` SET `addressId`='DNH0701-0' WHERE `id`=2701;
UPDATE `dp_teachers` SET `addressId`='DNH0701-0' WHERE `id`=2702;
UPDATE `dp_teachers` SET `addressId`='DNF2799-3' WHERE `id`=2703;
UPDATE `dp_teachers` SET `addressId`='DMN3533-2' WHERE `id`=2704;
UPDATE `dp_teachers` SET `addressId`='DJQ7650-5' WHERE `id`=2705;
UPDATE `dp_teachers` SET `addressId`='DQD9295-0' WHERE `id`=2706;
UPDATE `dp_teachers` SET `addressId`='DQX3222-9' WHERE `id`=2707;
UPDATE `dp_teachers` SET `addressId`='FMZ7790-0' WHERE `id`=2708;
UPDATE `dp_teachers` SET `addressId`='FPM8161-9' WHERE `id`=2709;
UPDATE `dp_teachers` SET `addressId`='FLW6323-2' WHERE `id`=2710;
UPDATE `dp_teachers` SET `addressId`='FQS7277-7' WHERE `id`=2711;
UPDATE `dp_teachers` SET `addressId`='FLN3235-7' WHERE `id`=2712;
UPDATE `dp_teachers` SET `addressId`='FLZ6869-7' WHERE `id`=2713;
UPDATE `dp_teachers` SET `addressId`='FLR6155-5' WHERE `id`=2714;
UPDATE `dp_teachers` SET `addressId`='FPD6960-9' WHERE `id`=2715;
UPDATE `dp_teachers` SET `addressId`='FMY8396-3' WHERE `id`=2716;
UPDATE `dp_teachers` SET `addressId`='FLH8837-1' WHERE `id`=2717;
UPDATE `dp_teachers` SET `addressId`='FNF1209-3' WHERE `id`=2718;
UPDATE `dp_teachers` SET `addressId`='FRL0791-8' WHERE `id`=2719;
UPDATE `dp_teachers` SET `addressId`='BQV5709-0' WHERE `id`=2720;
UPDATE `dp_teachers` SET `addressId`='BSW8026-0' WHERE `id`=2721;
UPDATE `dp_teachers` SET `addressId`='BRM0122-0' WHERE `id`=2722;
UPDATE `dp_teachers` SET `addressId`='BRG1753-5' WHERE `id`=2723;
UPDATE `dp_teachers` SET `addressId`='BRB1053-3' WHERE `id`=2724;
UPDATE `dp_teachers` SET `addressId`='BRL0031-3' WHERE `id`=2725;
UPDATE `dp_teachers` SET `addressId`='BGD0251-0' WHERE `id`=2726;
UPDATE `dp_teachers` SET `addressId`='BFZ0163-5' WHERE `id`=2727;
UPDATE `dp_teachers` SET `addressId`='BGX2320-3' WHERE `id`=2728;
UPDATE `dp_teachers` SET `addressId`='JVV6093-1' WHERE `id`=2729;
UPDATE `dp_teachers` SET `addressId`='BGG5966-8' WHERE `id`=2730;
UPDATE `dp_teachers` SET `addressId`='DTL6219-3' WHERE `id`=2731;
UPDATE `dp_teachers` SET `addressId`='DRX0821-0' WHERE `id`=2732;
UPDATE `dp_teachers` SET `addressId`='DRX0821-0' WHERE `id`=2733;
UPDATE `dp_teachers` SET `addressId`='DRX0821-0' WHERE `id`=2734;
UPDATE `dp_teachers` SET `addressId`='DTM0836-3' WHERE `id`=2735;
UPDATE `dp_teachers` SET `addressId`='FSZ5355-8' WHERE `id`=2736;
UPDATE `dp_teachers` SET `addressId`='DTJ2765-9' WHERE `id`=2737;
UPDATE `dp_teachers` SET `addressId`='DHM6173-1' WHERE `id`=2738;
UPDATE `dp_teachers` SET `addressId`='DNY5676-6' WHERE `id`=2739;
UPDATE `dp_teachers` SET `addressId`='DRX0821-0' WHERE `id`=2740;
UPDATE `dp_teachers` SET `addressId`='DGC6599-8' WHERE `id`=2741;
UPDATE `dp_teachers` SET `addressId`='DFS9959-2' WHERE `id`=2742;
UPDATE `dp_teachers` SET `addressId`='DJW1556-9' WHERE `id`=2743;
UPDATE `dp_teachers` SET `addressId`='DVP7312-5' WHERE `id`=2744;
UPDATE `dp_teachers` SET `addressId`='DFJ3018-2' WHERE `id`=2745;
UPDATE `dp_teachers` SET `addressId`='DNY5676-6' WHERE `id`=2746;
UPDATE `dp_teachers` SET `addressId`='DRX0821-0' WHERE `id`=2747;
UPDATE `dp_teachers` SET `addressId`='DNY5676-6' WHERE `id`=2748;
UPDATE `dp_teachers` SET `addressId`='GDG2328-8' WHERE `id`=2749;
UPDATE `dp_teachers` SET `addressId`='DSC3829-0' WHERE `id`=2750;
UPDATE `dp_teachers` SET `addressId`='DRX0821-0' WHERE `id`=2751;
UPDATE `dp_teachers` SET `addressId`='DNB8775-5' WHERE `id`=2752;
UPDATE `dp_teachers` SET `addressId`='GDP5559-8' WHERE `id`=2753;
UPDATE `dp_teachers` SET `addressId`='DTK8371-3' WHERE `id`=2754;
UPDATE `dp_teachers` SET `addressId`='DRX0821-0' WHERE `id`=2755;
UPDATE `dp_teachers` SET `addressId`='CHN8837-5' WHERE `id`=2756;
UPDATE `dp_teachers` SET `addressId`='FHX3503-0' WHERE `id`=2757;
UPDATE `dp_teachers` SET `addressId`='BXY5065-9' WHERE `id`=2758;
UPDATE `dp_teachers` SET `addressId`='BFB9099-0' WHERE `id`=2759;
UPDATE `dp_teachers` SET `addressId`='BFB9099-0' WHERE `id`=2760;
UPDATE `dp_teachers` SET `addressId`='BGC6521-1' WHERE `id`=2761;
UPDATE `dp_teachers` SET `addressId`='BGL5000-2' WHERE `id`=2762;
UPDATE `dp_teachers` SET `addressId`='BFB9099-0' WHERE `id`=2764;
UPDATE `dp_teachers` SET `addressId`='BFB9099-0' WHERE `id`=2765;
UPDATE `dp_teachers` SET `addressId`='FNF9992-8' WHERE `id`=2766;
UPDATE `dp_teachers` SET `addressId`='FNX3019-2' WHERE `id`=2767;
UPDATE `dp_teachers` SET `addressId`='FLB8036-1' WHERE `id`=2768;
UPDATE `dp_teachers` SET `addressId`='FQR5512-6' WHERE `id`=2769;
UPDATE `dp_teachers` SET `addressId`='GDX1656-7' WHERE `id`=2770;
UPDATE `dp_teachers` SET `addressId`='FPT3282-7' WHERE `id`=2771;
UPDATE `dp_teachers` SET `addressId`='FLL6653-2' WHERE `id`=2772;
UPDATE `dp_teachers` SET `addressId`='GDB0669-8' WHERE `id`=2773;
UPDATE `dp_teachers` SET `addressId`='FLN3235-7' WHERE `id`=2774;
UPDATE `dp_teachers` SET `addressId`='DDD5082-2' WHERE `id`=2775;
UPDATE `dp_teachers` SET `addressId`='FNL2386-9' WHERE `id`=2777;
UPDATE `dp_teachers` SET `addressId`='FMR6138-0' WHERE `id`=2778;
UPDATE `dp_teachers` SET `addressId`='FMR6138-0' WHERE `id`=2779;
UPDATE `dp_teachers` SET `addressId`='FMK2661-8' WHERE `id`=2780;
UPDATE `dp_teachers` SET `addressId`='FQW1353-2' WHERE `id`=2781;
UPDATE `dp_teachers` SET `addressId`='FLV7392-5' WHERE `id`=2782;
UPDATE `dp_teachers` SET `addressId`='BKV3656-7' WHERE `id`=2783;
UPDATE `dp_teachers` SET `addressId`='BKV3656-7' WHERE `id`=2784;
UPDATE `dp_teachers` SET `addressId`='BLN5525-0' WHERE `id`=2785;
UPDATE `dp_teachers` SET `addressId`='BKW3692-6' WHERE `id`=2786;
UPDATE `dp_teachers` SET `addressId`='DXM1827-5' WHERE `id`=2787;
UPDATE `dp_teachers` SET `addressId`='BMJ6525-0' WHERE `id`=2788;
UPDATE `dp_teachers` SET `addressId`='BNS8312-3' WHERE `id`=2789;
UPDATE `dp_teachers` SET `addressId`='BMM8216-3' WHERE `id`=2790;
UPDATE `dp_teachers` SET `addressId`='BMZ1033-6' WHERE `id`=2791;
UPDATE `dp_teachers` SET `addressId`='BKZ8301-2' WHERE `id`=2792;
UPDATE `dp_teachers` SET `addressId`='BLV3019-0' WHERE `id`=2793;
UPDATE `dp_teachers` SET `addressId`='BMM6725-1' WHERE `id`=2794;
UPDATE `dp_teachers` SET `addressId`='BMR2600-3' WHERE `id`=2795;
UPDATE `dp_teachers` SET `addressId`='BNY7686-1' WHERE `id`=2796;
UPDATE `dp_teachers` SET `addressId`='BLW5103-8' WHERE `id`=2797;
UPDATE `dp_teachers` SET `addressId`='BNB5359-7' WHERE `id`=2798;
UPDATE `dp_teachers` SET `addressId`='FHY5005-0' WHERE `id`=2799;
UPDATE `dp_teachers` SET `addressId`='BMR5611-9' WHERE `id`=2800;
UPDATE `dp_teachers` SET `addressId`='BLT6187-1' WHERE `id`=2801;
UPDATE `dp_teachers` SET `addressId`='BKV5522-1' WHERE `id`=2802;
UPDATE `dp_teachers` SET `addressId`='BLF0587-0' WHERE `id`=2804;
UPDATE `dp_teachers` SET `addressId`='BMM7125-8' WHERE `id`=2805;
UPDATE `dp_teachers` SET `addressId`='BMX8795-9' WHERE `id`=2806;
UPDATE `dp_teachers` SET `addressId`='CHW9859-0' WHERE `id`=2807;
UPDATE `dp_teachers` SET `addressId`='BNW1882-0' WHERE `id`=2808;
UPDATE `dp_teachers` SET `addressId`='BNR6381-3' WHERE `id`=2809;
UPDATE `dp_teachers` SET `addressId`='DWH7773-6' WHERE `id`=2810;
UPDATE `dp_teachers` SET `addressId`='CSK7586-0' WHERE `id`=2811;
UPDATE `dp_teachers` SET `addressId`='DZF0173-8' WHERE `id`=2812;
UPDATE `dp_teachers` SET `addressId`='FBK8135-0' WHERE `id`=2813;
UPDATE `dp_teachers` SET `addressId`='DRZ2575-2' WHERE `id`=2814;
UPDATE `dp_teachers` SET `addressId`='FZC7120-0' WHERE `id`=2816;
UPDATE `dp_teachers` SET `addressId`='DPN2778-0' WHERE `id`=2817;
UPDATE `dp_teachers` SET `addressId`='DVK9339-3' WHERE `id`=2818;
UPDATE `dp_teachers` SET `addressId`='DLH9882-3' WHERE `id`=2819;
UPDATE `dp_teachers` SET `addressId`='DMG2595-2' WHERE `id`=2820;
UPDATE `dp_teachers` SET `addressId`='CSC2106-1' WHERE `id`=2821;
UPDATE `dp_teachers` SET `addressId`='FJY3522-3' WHERE `id`=2822;
UPDATE `dp_teachers` SET `addressId`='DRF0286-3' WHERE `id`=2823;
UPDATE `dp_teachers` SET `addressId`='CRZ6730-5' WHERE `id`=2824;
UPDATE `dp_teachers` SET `addressId`='DHT3328-0' WHERE `id`=2825;
UPDATE `dp_teachers` SET `addressId`='CSB3575-6' WHERE `id`=2826;
UPDATE `dp_teachers` SET `addressId`='CMY9377-0' WHERE `id`=2827;
UPDATE `dp_teachers` SET `addressId`='CKH8392-3' WHERE `id`=2828;
UPDATE `dp_teachers` SET `addressId`='CPZ0195-8' WHERE `id`=2829;
UPDATE `dp_teachers` SET `addressId`='BBZ0063-3' WHERE `id`=2830;
UPDATE `dp_teachers` SET `addressId`='CKH8392-3' WHERE `id`=2831;
UPDATE `dp_teachers` SET `addressId`='CLN6817-0' WHERE `id`=2832;
UPDATE `dp_teachers` SET `addressId`='CMV0755-6' WHERE `id`=2833;
UPDATE `dp_teachers` SET `addressId`='CJZ9139-6' WHERE `id`=2834;
UPDATE `dp_teachers` SET `addressId`='CBK8633-0' WHERE `id`=2837;
UPDATE `dp_teachers` SET `addressId`='BZZ6111-9' WHERE `id`=2838;
UPDATE `dp_teachers` SET `addressId`='CBM9035-8' WHERE `id`=2839;
UPDATE `dp_teachers` SET `addressId`='CBD9611-2' WHERE `id`=2840;
UPDATE `dp_teachers` SET `addressId`='BZM8190-7' WHERE `id`=2841;
UPDATE `dp_teachers` SET `addressId`='CBM9035-8' WHERE `id`=2842;
UPDATE `dp_teachers` SET `addressId`='BZS0659-6' WHERE `id`=2843;
UPDATE `dp_teachers` SET `addressId`='CBP1596-3' WHERE `id`=2844;
UPDATE `dp_teachers` SET `addressId`='CJH6919-9' WHERE `id`=2845;
UPDATE `dp_teachers` SET `addressId`='BGZ1215-0' WHERE `id`=2847;
UPDATE `dp_teachers` SET `addressId`='BHL8112-8' WHERE `id`=2848;
UPDATE `dp_teachers` SET `addressId`='FDL3591-8' WHERE `id`=2849;
UPDATE `dp_teachers` SET `addressId`='BHS2569-2' WHERE `id`=2850;
UPDATE `dp_teachers` SET `addressId`='FFQ6036-3' WHERE `id`=2851;
UPDATE `dp_teachers` SET `addressId`='BHS2569-2' WHERE `id`=2853;
UPDATE `dp_teachers` SET `addressId`='GBY1118-9' WHERE `id`=2854;
UPDATE `dp_teachers` SET `addressId`='BHG1035-3' WHERE `id`=2855;
UPDATE `dp_teachers` SET `addressId`='BHJ6799-0' WHERE `id`=2856;
UPDATE `dp_teachers` SET `addressId`='BBM8838-3' WHERE `id`=2857;
UPDATE `dp_teachers` SET `addressId`='FXY0767-2' WHERE `id`=2864;
UPDATE `dp_teachers` SET `addressId`='BBB2111-2' WHERE `id`=2865;
UPDATE `dp_teachers` SET `addressId`='BBB6761-7' WHERE `id`=2866;
UPDATE `dp_teachers` SET `addressId`='BBB2111-2' WHERE `id`=2867;
UPDATE `dp_teachers` SET `addressId`='BBB2111-2' WHERE `id`=2868;
UPDATE `dp_teachers` SET `addressId`='BBB2111-2' WHERE `id`=2869;
UPDATE `dp_teachers` SET `addressId`='BBB2111-2' WHERE `id`=2870;
UPDATE `dp_teachers` SET `addressId`='BBB5056-5' WHERE `id`=2871;
UPDATE `dp_teachers` SET `addressId`='FPV0061-9' WHERE `id`=2873;
UPDATE `dp_teachers` SET `addressId`='FRJ1679-2' WHERE `id`=2874;
UPDATE `dp_teachers` SET `addressId`='FNQ7387-0' WHERE `id`=2875;
UPDATE `dp_teachers` SET `addressId`='FLJ9376-2' WHERE `id`=2876;
UPDATE `dp_teachers` SET `addressId`='FNV9771-1' WHERE `id`=2877;
UPDATE `dp_teachers` SET `addressId`='FNV0191-1' WHERE `id`=2878;
UPDATE `dp_teachers` SET `addressId`='FRN9931-8' WHERE `id`=2879;
UPDATE `dp_teachers` SET `addressId`='FJZ6867-2' WHERE `id`=2880;
UPDATE `dp_teachers` SET `addressId`='FNV9771-1' WHERE `id`=2881;
UPDATE `dp_teachers` SET `addressId`='FNV9771-1' WHERE `id`=2882;
UPDATE `dp_teachers` SET `addressId`='FNV9771-1' WHERE `id`=2883;
UPDATE `dp_teachers` SET `addressId`='FQK7188-1' WHERE `id`=2885;
UPDATE `dp_teachers` SET `addressId`='GBZ5109-9' WHERE `id`=2922;
UPDATE `dp_teachers` SET `addressId`='BPJ9715-9' WHERE `id`=2923;
UPDATE `dp_teachers` SET `addressId`='FJP8006-9' WHERE `id`=2924;
UPDATE `dp_teachers` SET `addressId`='BPY0567-3' WHERE `id`=2925;
UPDATE `dp_teachers` SET `addressId`='BPK6300-2' WHERE `id`=2926;
UPDATE `dp_teachers` SET `addressId`='BPP0677-9' WHERE `id`=2927;
UPDATE `dp_teachers` SET `addressId`='BPM0025-9' WHERE `id`=2928;
UPDATE `dp_teachers` SET `addressId`='BLB3137-5' WHERE `id`=2929;
UPDATE `dp_teachers` SET `addressId`='GBZ5109-9' WHERE `id`=2930;
UPDATE `dp_teachers` SET `addressId`='GBZ5109-9' WHERE `id`=2931;
UPDATE `dp_teachers` SET `addressId`='DXT7990-9' WHERE `id`=2932;
UPDATE `dp_teachers` SET `addressId`='BLD9135-7' WHERE `id`=2933;
UPDATE `dp_teachers` SET `addressId`='DYN7885-0' WHERE `id`=2934;
UPDATE `dp_teachers` SET `addressId`='GBZ5109-9' WHERE `id`=2935;
UPDATE `dp_teachers` SET `addressId`='GBZ5109-9' WHERE `id`=2936;
UPDATE `dp_teachers` SET `addressId`='GBZ5109-9' WHERE `id`=2937;
UPDATE `dp_teachers` SET `addressId`='BKZ0067-0' WHERE `id`=2938;
UPDATE `dp_teachers` SET `addressId`='FDR9065-0' WHERE `id`=2939;
UPDATE `dp_teachers` SET `addressId`='BPP0126-2' WHERE `id`=2940;
UPDATE `dp_teachers` SET `addressId`='FHP9722-8' WHERE `id`=2941;
UPDATE `dp_teachers` SET `addressId`='FGS6862-6' WHERE `id`=2942;
UPDATE `dp_teachers` SET `addressId`='FBN9593-1' WHERE `id`=2943;
UPDATE `dp_teachers` SET `addressId`='BMK3105-8' WHERE `id`=2944;
UPDATE `dp_teachers` SET `addressId`='BNM9259-5' WHERE `id`=2945;
UPDATE `dp_teachers` SET `addressId`='FJK0185-5' WHERE `id`=2946;
UPDATE `dp_teachers` SET `addressId`='FDY9230-5' WHERE `id`=2947;
UPDATE `dp_teachers` SET `addressId`='BRQ5916-1' WHERE `id`=2948;
UPDATE `dp_teachers` SET `addressId`='BLH5103-8' WHERE `id`=2949;
UPDATE `dp_teachers` SET `addressId`='FJV3697-0' WHERE `id`=2950;
UPDATE `dp_teachers` SET `addressId`='BRS0668-5' WHERE `id`=2951;
UPDATE `dp_teachers` SET `addressId`='DXQ2735-0' WHERE `id`=2952;
UPDATE `dp_teachers` SET `addressId`='GBZ5109-9' WHERE `id`=2953;
UPDATE `dp_teachers` SET `addressId`='BMD5839-1' WHERE `id`=2954;
UPDATE `dp_teachers` SET `addressId`='BKZ9891-0' WHERE `id`=2955;
UPDATE `dp_teachers` SET `addressId`='DXT8036-0' WHERE `id`=2956;
UPDATE `dp_teachers` SET `addressId`='BLT9710-0' WHERE `id`=2957;
UPDATE `dp_teachers` SET `addressId`='CHN8877-2' WHERE `id`=2959;
UPDATE `dp_teachers` SET `addressId`='CHK6897-3' WHERE `id`=2960;
UPDATE `dp_teachers` SET `addressId`='CHV8206-0' WHERE `id`=2961;
UPDATE `dp_teachers` SET `addressId`='CJD2095-2' WHERE `id`=2962;
UPDATE `dp_teachers` SET `addressId`='CJF8656-2' WHERE `id`=2963;
UPDATE `dp_teachers` SET `addressId`='CHV0988-7' WHERE `id`=2964;
UPDATE `dp_teachers` SET `addressId`='CHV1122-9' WHERE `id`=2965;
UPDATE `dp_teachers` SET `addressId`='CHV5612-8' WHERE `id`=2966;
UPDATE `dp_teachers` SET `addressId`='CHP1121-2' WHERE `id`=2967;
UPDATE `dp_teachers` SET `addressId`='CJF1032-9' WHERE `id`=2968;
UPDATE `dp_teachers` SET `addressId`='CCC1878-7' WHERE `id`=2969;
UPDATE `dp_teachers` SET `addressId`='FSG0753-8' WHERE `id`=2970;
UPDATE `dp_teachers` SET `addressId`='FVG7919-1' WHERE `id`=2971;
UPDATE `dp_teachers` SET `addressId`='FYT0087-1' WHERE `id`=2972;
UPDATE `dp_teachers` SET `addressId`='FSD5568-9' WHERE `id`=2973;
UPDATE `dp_teachers` SET `addressId`='BPM2725-8' WHERE `id`=2976;
UPDATE `dp_teachers` SET `addressId`='GBZ5178-1' WHERE `id`=2977;
UPDATE `dp_teachers` SET `addressId`='BQF2991-0' WHERE `id`=2978;
UPDATE `dp_teachers` SET `addressId`='BPN6608-5' WHERE `id`=2979;
UPDATE `dp_teachers` SET `addressId`='BPK2259-2' WHERE `id`=2980;
UPDATE `dp_teachers` SET `addressId`='GBZ7857-6' WHERE `id`=2981;
UPDATE `dp_teachers` SET `addressId`='BPW7760-0' WHERE `id`=2982;
UPDATE `dp_teachers` SET `addressId`='BKV3656-7' WHERE `id`=2983;
UPDATE `dp_teachers` SET `addressId`='BMG2782-0' WHERE `id`=2984;
UPDATE `dp_teachers` SET `addressId`='CHZ6927-8' WHERE `id`=2985;
UPDATE `dp_teachers` SET `addressId`='BSX1113-5' WHERE `id`=2986;
UPDATE `dp_teachers` SET `addressId`='FMZ8229-5' WHERE `id`=2987;
UPDATE `dp_teachers` SET `addressId`='FQX8291-9' WHERE `id`=2988;
UPDATE `dp_teachers` SET `addressId`='FQT1267-6' WHERE `id`=2989;
UPDATE `dp_teachers` SET `addressId`='FNM6627-8' WHERE `id`=2990;
UPDATE `dp_teachers` SET `addressId`='FLM6390-3' WHERE `id`=2991;
UPDATE `dp_teachers` SET `addressId`='FQV6370-9' WHERE `id`=2992;
UPDATE `dp_teachers` SET `addressId`='FLB0122-7' WHERE `id`=2993;
UPDATE `dp_teachers` SET `addressId`='FNT8012-0' WHERE `id`=2994;
UPDATE `dp_teachers` SET `addressId`='FLD7195-1' WHERE `id`=2996;
UPDATE `dp_teachers` SET `addressId`='FRB2985-3' WHERE `id`=2997;
UPDATE `dp_teachers` SET `addressId`='FRM7627-0' WHERE `id`=2998;
UPDATE `dp_teachers` SET `addressId`='BWR2759-3' WHERE `id`=2999;
UPDATE `dp_teachers` SET `addressId`='DDC2099-5' WHERE `id`=3000;
UPDATE `dp_teachers` SET `addressId`='CYR9020-5' WHERE `id`=3001;
UPDATE `dp_teachers` SET `addressId`='CWR8877-0' WHERE `id`=3002;
UPDATE `dp_teachers` SET `addressId`='CZZ7253-2' WHERE `id`=3003;
UPDATE `dp_teachers` SET `addressId`='CYV1163-1' WHERE `id`=3004;
UPDATE `dp_teachers` SET `addressId`='GCM2180-5' WHERE `id`=3005;
UPDATE `dp_teachers` SET `addressId`='CXM7613-0' WHERE `id`=3006;
UPDATE `dp_teachers` SET `addressId`='BBR2890-3' WHERE `id`=3007;
UPDATE `dp_teachers` SET `addressId`='BBM2776-2' WHERE `id`=3008;
UPDATE `dp_teachers` SET `addressId`='BDY5365-1' WHERE `id`=3009;
UPDATE `dp_teachers` SET `addressId`='BDV1678-5' WHERE `id`=3010;
UPDATE `dp_teachers` SET `addressId`='BDV6517-9' WHERE `id`=3011;
UPDATE `dp_teachers` SET `addressId`='BBY9726-0' WHERE `id`=3012;
UPDATE `dp_teachers` SET `addressId`='BZQ0535-5' WHERE `id`=3013;
UPDATE `dp_teachers` SET `addressId`='BZQ0535-5' WHERE `id`=3014;
UPDATE `dp_teachers` SET `addressId`='BZQ0535-5' WHERE `id`=3015;
UPDATE `dp_teachers` SET `addressId`='BYV3393-5' WHERE `id`=3016;
UPDATE `dp_teachers` SET `addressId`='BYX9038-2' WHERE `id`=3017;
UPDATE `dp_teachers` SET `addressId`='BYT9771-0' WHERE `id`=3018;
UPDATE `dp_teachers` SET `addressId`='BYW5239-9' WHERE `id`=3019;
UPDATE `dp_teachers` SET `addressId`='BYY7032-3' WHERE `id`=3020;
UPDATE `dp_teachers` SET `addressId`='BYZ6057-3' WHERE `id`=3021;
UPDATE `dp_teachers` SET `addressId`='BYV8557-7' WHERE `id`=3022;
UPDATE `dp_teachers` SET `addressId`='CBX8316-5' WHERE `id`=3023;
UPDATE `dp_teachers` SET `addressId`='FDQ1557-8' WHERE `id`=3024;
UPDATE `dp_teachers` SET `addressId`='BBK0232-8' WHERE `id`=3025;
UPDATE `dp_teachers` SET `addressId`='BBH1826-1' WHERE `id`=3026;
UPDATE `dp_teachers` SET `addressId`='CKP0851-8' WHERE `id`=3027;
UPDATE `dp_teachers` SET `addressId`='CKP0851-8' WHERE `id`=3028;
UPDATE `dp_teachers` SET `addressId`='CPF8653-0' WHERE `id`=3029;
UPDATE `dp_teachers` SET `addressId`='DFR7201-0' WHERE `id`=3030;
UPDATE `dp_teachers` SET `addressId`='DTC8076-0' WHERE `id`=3031;
UPDATE `dp_teachers` SET `addressId`='DPT9189-8' WHERE `id`=3032;
UPDATE `dp_teachers` SET `addressId`='DMM7150-2' WHERE `id`=3033;
UPDATE `dp_teachers` SET `addressId`='DRX0821-0' WHERE `id`=3034;
UPDATE `dp_teachers` SET `addressId`='DKD8850-0' WHERE `id`=3035;
UPDATE `dp_teachers` SET `addressId`='FDB7211-9' WHERE `id`=3037;
UPDATE `dp_teachers` SET `addressId`='BGZ1327-7' WHERE `id`=3038;
UPDATE `dp_teachers` SET `addressId`='BHN8723-9' WHERE `id`=3039;
UPDATE `dp_teachers` SET `addressId`='BHF7187-8' WHERE `id`=3040;
UPDATE `dp_teachers` SET `addressId`='BGZ1819-1' WHERE `id`=3041;
UPDATE `dp_teachers` SET `addressId`='BHL5723-7' WHERE `id`=3043;
UPDATE `dp_teachers` SET `addressId`='BHY2796-7' WHERE `id`=3044;
UPDATE `dp_teachers` SET `addressId`='BHS6297-3' WHERE `id`=3045;
UPDATE `dp_teachers` SET `addressId`='DYW1212-6' WHERE `id`=3046;
UPDATE `dp_teachers` SET `addressId`='FFF9318-8' WHERE `id`=3047;
UPDATE `dp_teachers` SET `addressId`='FBX6998-7' WHERE `id`=3048;
UPDATE `dp_teachers` SET `addressId`='FDD9057-5' WHERE `id`=3049;
UPDATE `dp_teachers` SET `addressId`='FBX6998-7' WHERE `id`=3050;
UPDATE `dp_teachers` SET `addressId`='FBX6998-7' WHERE `id`=3051;
UPDATE `dp_teachers` SET `addressId`='DYW1212-6' WHERE `id`=3052;
UPDATE `dp_teachers` SET `addressId`='DYW1212-6' WHERE `id`=3053;
UPDATE `dp_teachers` SET `addressId`='FFR6233-1' WHERE `id`=3054;
UPDATE `dp_teachers` SET `addressId`='FJL9035-2' WHERE `id`=3055;
UPDATE `dp_teachers` SET `addressId`='DWP3566-5' WHERE `id`=3058;
UPDATE `dp_teachers` SET `addressId`='FHH8260-5' WHERE `id`=3059;
UPDATE `dp_teachers` SET `addressId`='BRW1282-0' WHERE `id`=3061;
UPDATE `dp_teachers` SET `addressId`='DKL8082-5' WHERE `id`=3062;
UPDATE `dp_teachers` SET `addressId`='FJK8613-6' WHERE `id`=3063;
UPDATE `dp_teachers` SET `addressId`='BZS1397-7' WHERE `id`=3064;
UPDATE `dp_teachers` SET `addressId`='DGY2767-0' WHERE `id`=3065;
UPDATE `dp_teachers` SET `addressId`='DFV9159-9' WHERE `id`=3066;
UPDATE `dp_teachers` SET `addressId`='DGY2767-0' WHERE `id`=3067;
UPDATE `dp_teachers` SET `addressId`='DQY5696-1' WHERE `id`=3069;
UPDATE `dp_teachers` SET `addressId`='DQB8117-9' WHERE `id`=3070;
UPDATE `dp_teachers` SET `addressId`='CPX0865-2' WHERE `id`=3071;
UPDATE `dp_teachers` SET `addressId`='DGY2767-0' WHERE `id`=3072;
UPDATE `dp_teachers` SET `addressId`='BFB9099-0' WHERE `id`=3073;
UPDATE `dp_teachers` SET `addressId`='CBK8205-3' WHERE `id`=3074;
UPDATE `dp_teachers` SET `addressId`='BZS6537-0' WHERE `id`=3075;
UPDATE `dp_teachers` SET `addressId`='BBG2098-2' WHERE `id`=3076;
UPDATE `dp_teachers` SET `addressId`='BBH9751-1' WHERE `id`=3077;
UPDATE `dp_teachers` SET `addressId`='BBB9988-6' WHERE `id`=3078;
UPDATE `dp_teachers` SET `addressId`='BBF3675-2' WHERE `id`=3079;
UPDATE `dp_teachers` SET `addressId`='GBZ7866-7' WHERE `id`=3080;
UPDATE `dp_teachers` SET `addressId`='BQQ7966-3' WHERE `id`=3081;
UPDATE `dp_teachers` SET `addressId`='BQP2518-9' WHERE `id`=3082;
UPDATE `dp_teachers` SET `addressId`='BQC8107-8' WHERE `id`=3083;
UPDATE `dp_teachers` SET `addressId`='BPZ7658-9' WHERE `id`=3084;
UPDATE `dp_teachers` SET `addressId`='BPY3808-3' WHERE `id`=3085;
UPDATE `dp_teachers` SET `addressId`='BQD2757-7' WHERE `id`=3086;
UPDATE `dp_teachers` SET `addressId`='BPT8099-9' WHERE `id`=3087;
UPDATE `dp_teachers` SET `addressId`='BPX2805-1' WHERE `id`=3088;
UPDATE `dp_teachers` SET `addressId`='GDM0880-3' WHERE `id`=3089;
UPDATE `dp_teachers` SET `addressId`='BPX1738-3' WHERE `id`=3090;
UPDATE `dp_teachers` SET `addressId`='BQF6107-0' WHERE `id`=3091;
UPDATE `dp_teachers` SET `addressId`='BPP9239-7' WHERE `id`=3092;
UPDATE `dp_teachers` SET `addressId`='FSG0753-8' WHERE `id`=3094;
UPDATE `dp_teachers` SET `addressId`='FYS5292-0' WHERE `id`=3095;
UPDATE `dp_teachers` SET `addressId`='FSG0753-8' WHERE `id`=3098;
UPDATE `dp_teachers` SET `addressId`='FZJ3328-2' WHERE `id`=3099;
UPDATE `dp_teachers` SET `addressId`='FWK1366-8' WHERE `id`=3100;
UPDATE `dp_teachers` SET `addressId`='FTN7091-7' WHERE `id`=3101;
UPDATE `dp_teachers` SET `addressId`='GBH6901-3' WHERE `id`=3103;
UPDATE `dp_teachers` SET `addressId`='FVL6610-0' WHERE `id`=3104;
UPDATE `dp_teachers` SET `addressId`='FYW3226-7' WHERE `id`=3105;
UPDATE `dp_teachers` SET `addressId`='FYK9812-2' WHERE `id`=3107;
UPDATE `dp_teachers` SET `addressId`='FSS6093-9' WHERE `id`=3108;
UPDATE `dp_teachers` SET `addressId`='FSR7751-9' WHERE `id`=3109;
UPDATE `dp_teachers` SET `addressId`='GBH6206-8' WHERE `id`=3110;
UPDATE `dp_teachers` SET `addressId`='FTF6323-5' WHERE `id`=3111;
UPDATE `dp_teachers` SET `addressId`='FWQ3200-0' WHERE `id`=3112;
UPDATE `dp_teachers` SET `addressId`='FZJ7161-3' WHERE `id`=3113;
UPDATE `dp_teachers` SET `addressId`='FVT2791-9' WHERE `id`=3114;
UPDATE `dp_teachers` SET `addressId`='FVT5039-6' WHERE `id`=3115;
UPDATE `dp_teachers` SET `addressId`='GDB9776-6' WHERE `id`=3116;
UPDATE `dp_teachers` SET `addressId`='FWR0553-5' WHERE `id`=3117;
UPDATE `dp_teachers` SET `addressId`='DCM8820-3' WHERE `id`=3118;
UPDATE `dp_teachers` SET `addressId`='CXD0830-3' WHERE `id`=3119;
UPDATE `dp_teachers` SET `addressId`='CTJ2226-0' WHERE `id`=3120;
UPDATE `dp_teachers` SET `addressId`='CVK2372-0' WHERE `id`=3121;
UPDATE `dp_teachers` SET `addressId`='CTV0692-3' WHERE `id`=3122;
UPDATE `dp_teachers` SET `addressId`='CYM8713-2' WHERE `id`=3123;
UPDATE `dp_teachers` SET `addressId`='DBL0133-5' WHERE `id`=3124;
UPDATE `dp_teachers` SET `addressId`='CTZ1927-8' WHERE `id`=3125;
UPDATE `dp_teachers` SET `addressId`='CTP7123-9' WHERE `id`=3126;
UPDATE `dp_teachers` SET `addressId`='DBX1851-1' WHERE `id`=3127;
UPDATE `dp_teachers` SET `addressId`='DDM8815-2' WHERE `id`=3128;
UPDATE `dp_teachers` SET `addressId`='CZP9562-6' WHERE `id`=3129;
UPDATE `dp_teachers` SET `addressId`='CXD0312-7' WHERE `id`=3130;
UPDATE `dp_teachers` SET `addressId`='CZV2985-1' WHERE `id`=3131;
UPDATE `dp_teachers` SET `addressId`='CWT0652-2' WHERE `id`=3132;
UPDATE `dp_teachers` SET `addressId`='BXN9293-0' WHERE `id`=3133;
UPDATE `dp_teachers` SET `addressId`='CXB2031-9' WHERE `id`=3134;
UPDATE `dp_teachers` SET `addressId`='DCC5277-0' WHERE `id`=3135;
UPDATE `dp_teachers` SET `addressId`='DBL2983-7' WHERE `id`=3136;
UPDATE `dp_teachers` SET `addressId`='DCC8127-0' WHERE `id`=3137;
UPDATE `dp_teachers` SET `addressId`='CZV8669-7' WHERE `id`=3138;
UPDATE `dp_teachers` SET `addressId`='CZR8217-8' WHERE `id`=3139;
UPDATE `dp_teachers` SET `addressId`='CXJ9862-8' WHERE `id`=3140;
UPDATE `dp_teachers` SET `addressId`='FPQ3623-2' WHERE `id`=3141;
UPDATE `dp_teachers` SET `addressId`='DDC2103-3' WHERE `id`=3143;
UPDATE `dp_teachers` SET `addressId`='CWS9159-6' WHERE `id`=3144;
UPDATE `dp_teachers` SET `addressId`='CZN7087-7' WHERE `id`=3145;
UPDATE `dp_teachers` SET `addressId`='GDP6903-8' WHERE `id`=3146;
UPDATE `dp_teachers` SET `addressId`='BXL3923-2' WHERE `id`=3147;
UPDATE `dp_teachers` SET `addressId`='BRT7596-9' WHERE `id`=3152;
UPDATE `dp_teachers` SET `addressId`='GCB2738-6' WHERE `id`=3153;
UPDATE `dp_teachers` SET `addressId`='BSG1929-7' WHERE `id`=3154;
UPDATE `dp_teachers` SET `addressId`='BRB6226-7' WHERE `id`=3155;
UPDATE `dp_teachers` SET `addressId`='DVQ5015-6' WHERE `id`=3157;
UPDATE `dp_teachers` SET `addressId`='DVW7883-5' WHERE `id`=3158;
UPDATE `dp_teachers` SET `addressId`='DMY0608-8' WHERE `id`=3159;
UPDATE `dp_teachers` SET `addressId`='DRN0907-5' WHERE `id`=3160;
UPDATE `dp_teachers` SET `addressId`='DLW0180-5' WHERE `id`=3162;
UPDATE `dp_teachers` SET `addressId`='DTQ0165-2' WHERE `id`=3165;
UPDATE `dp_teachers` SET `addressId`='CQL5268-3' WHERE `id`=3166;
UPDATE `dp_teachers` SET `addressId`='DQP2800-1' WHERE `id`=3167;
UPDATE `dp_teachers` SET `addressId`='CFT5197-7' WHERE `id`=3172;
UPDATE `dp_teachers` SET `addressId`='CGY8856-7' WHERE `id`=3173;
UPDATE `dp_teachers` SET `addressId`='CGS8191-3' WHERE `id`=3174;
UPDATE `dp_teachers` SET `addressId`='BFG5111-2' WHERE `id`=3175;
UPDATE `dp_teachers` SET `addressId`='BFF8768-5' WHERE `id`=3176;
UPDATE `dp_teachers` SET `addressId`='BFS3016-7' WHERE `id`=3177;
UPDATE `dp_teachers` SET `addressId`='BGQ9987-9' WHERE `id`=3178;
UPDATE `dp_teachers` SET `addressId`='BFJ0387-9' WHERE `id`=3179;
UPDATE `dp_teachers` SET `addressId`='CHZ7868-8' WHERE `id`=3180;
UPDATE `dp_teachers` SET `addressId`='CHQ9031-9' WHERE `id`=3181;
UPDATE `dp_teachers` SET `addressId`='BVX6988-0' WHERE `id`=3182;
UPDATE `dp_teachers` SET `addressId`='CJD7916-5' WHERE `id`=3183;
UPDATE `dp_teachers` SET `addressId`='CHQ6675-7' WHERE `id`=3184;
UPDATE `dp_teachers` SET `addressId`='CHQ1127-3' WHERE `id`=3185;
UPDATE `dp_teachers` SET `addressId`='CHK0668-9' WHERE `id`=3187;
UPDATE `dp_teachers` SET `addressId`='CHR7557-0' WHERE `id`=3188;
UPDATE `dp_teachers` SET `addressId`='CHP1121-2' WHERE `id`=3189;
UPDATE `dp_teachers` SET `addressId`='CHV0855-5' WHERE `id`=3190;
UPDATE `dp_teachers` SET `addressId`='BVW2097-2' WHERE `id`=3191;
UPDATE `dp_teachers` SET `addressId`='CHL5508-9' WHERE `id`=3192;
UPDATE `dp_teachers` SET `addressId`='BVB6123-9' WHERE `id`=3193;
UPDATE `dp_teachers` SET `addressId`='BVC2953-8' WHERE `id`=3194;
UPDATE `dp_teachers` SET `addressId`='BSY9098-0' WHERE `id`=3195;
UPDATE `dp_teachers` SET `addressId`='BSZ3187-0' WHERE `id`=3196;
UPDATE `dp_teachers` SET `addressId`='CHX2265-7' WHERE `id`=3197;
UPDATE `dp_teachers` SET `addressId`='BVG6911-9' WHERE `id`=3198;
UPDATE `dp_teachers` SET `addressId`='BVH9052-8' WHERE `id`=3199;
UPDATE `dp_teachers` SET `addressId`='BVC1821-2' WHERE `id`=3200;
UPDATE `dp_teachers` SET `addressId`='CJF1070-5' WHERE `id`=3201;
UPDATE `dp_teachers` SET `addressId`='BWD0237-0' WHERE `id`=3202;
UPDATE `dp_teachers` SET `addressId`='CHS1668-8' WHERE `id`=3203;
UPDATE `dp_teachers` SET `addressId`='BSX0992-0' WHERE `id`=3204;
UPDATE `dp_teachers` SET `addressId`='BVB1056-5' WHERE `id`=3205;
UPDATE `dp_teachers` SET `addressId`='CHZ7331-0' WHERE `id`=3206;
UPDATE `dp_teachers` SET `addressId`='BSX5075-1' WHERE `id`=3207;
UPDATE `dp_teachers` SET `addressId`='BVK5373-6' WHERE `id`=3208;
UPDATE `dp_teachers` SET `addressId`='FBP0839-3' WHERE `id`=3209;
UPDATE `dp_teachers` SET `addressId`='FDM0055-1' WHERE `id`=3210;
UPDATE `dp_teachers` SET `addressId`='FJH0113-9' WHERE `id`=3211;
UPDATE `dp_teachers` SET `addressId`='DZK3699-5' WHERE `id`=3214;
UPDATE `dp_teachers` SET `addressId`='FGG2712-7' WHERE `id`=3215;
UPDATE `dp_teachers` SET `addressId`='DXX6765-2' WHERE `id`=3216;
UPDATE `dp_teachers` SET `addressId`='DZJ3187-0' WHERE `id`=3217;
UPDATE `dp_teachers` SET `addressId`='FJT1395-7' WHERE `id`=3218;
UPDATE `dp_teachers` SET `addressId`='DXP1582-2' WHERE `id`=3219;
UPDATE `dp_teachers` SET `addressId`='DZX1835-1' WHERE `id`=3220;
UPDATE `dp_teachers` SET `addressId`='FDZ9098-3' WHERE `id`=3221;
UPDATE `dp_teachers` SET `addressId`='FBH1873-0' WHERE `id`=3222;
UPDATE `dp_teachers` SET `addressId`='FCV7730-0' WHERE `id`=3223;
UPDATE `dp_teachers` SET `addressId`='FHD2971-0' WHERE `id`=3224;
UPDATE `dp_teachers` SET `addressId`='DXK2805-2' WHERE `id`=3225;
UPDATE `dp_teachers` SET `addressId`='DXD7280-0' WHERE `id`=3227;
UPDATE `dp_teachers` SET `addressId`='FFF2573-2' WHERE `id`=3229;
UPDATE `dp_teachers` SET `addressId`='CKP0851-8' WHERE `id`=3230;
UPDATE `dp_teachers` SET `addressId`='CKP0851-8' WHERE `id`=3231;
UPDATE `dp_teachers` SET `addressId`='CKP0851-8' WHERE `id`=3232;
UPDATE `dp_teachers` SET `addressId`='CKP0851-8' WHERE `id`=3233;
UPDATE `dp_teachers` SET `addressId`='CKP0851-8' WHERE `id`=3234;
UPDATE `dp_teachers` SET `addressId`='BZF1772-5' WHERE `id`=3235;
UPDATE `dp_teachers` SET `addressId`='BYV5707-0' WHERE `id`=3236;
UPDATE `dp_teachers` SET `addressId`='BYW9681-9' WHERE `id`=3237;
UPDATE `dp_teachers` SET `addressId`='FRP1031-3' WHERE `id`=3238;
UPDATE `dp_teachers` SET `addressId`='FLX2710-9' WHERE `id`=3239;
UPDATE `dp_teachers` SET `addressId`='FRZ1831-2' WHERE `id`=3240;
UPDATE `dp_teachers` SET `addressId`='FLB8036-1' WHERE `id`=3241;
UPDATE `dp_teachers` SET `addressId`='FJZ2291-9' WHERE `id`=3242;
UPDATE `dp_teachers` SET `addressId`='FLK1327-7' WHERE `id`=3243;
UPDATE `dp_teachers` SET `addressId`='FLL3521-0' WHERE `id`=3244;
UPDATE `dp_teachers` SET `addressId`='FMF5078-0' WHERE `id`=3245;
UPDATE `dp_teachers` SET `addressId`='FQT0612-9' WHERE `id`=3247;
UPDATE `dp_teachers` SET `addressId`='FMW7025-6' WHERE `id`=3248;
UPDATE `dp_teachers` SET `addressId`='FMW9567-9' WHERE `id`=3249;
UPDATE `dp_teachers` SET `addressId`='FPD7897-2' WHERE `id`=3250;
UPDATE `dp_teachers` SET `addressId`='FNF7353-5' WHERE `id`=3251;
UPDATE `dp_teachers` SET `addressId`='FNX8633-9' WHERE `id`=3252;
UPDATE `dp_teachers` SET `addressId`='FRN5959-3' WHERE `id`=3253;
UPDATE `dp_teachers` SET `addressId`='FLT8980-8' WHERE `id`=3254;
UPDATE `dp_teachers` SET `addressId`='JTL0336-1' WHERE `id`=3255;
UPDATE `dp_teachers` SET `addressId`='FPG9065-9' WHERE `id`=3256;
UPDATE `dp_teachers` SET `addressId`='FRP5830-2' WHERE `id`=3257;
UPDATE `dp_teachers` SET `addressId`='FQV5101-6' WHERE `id`=3258;
UPDATE `dp_teachers` SET `addressId`='FMD0368-2' WHERE `id`=3259;
UPDATE `dp_teachers` SET `addressId`='FQC1510-8' WHERE `id`=3260;
UPDATE `dp_teachers` SET `addressId`='FRW6150-0' WHERE `id`=3261;
UPDATE `dp_teachers` SET `addressId`='CBY5168-3' WHERE `id`=3262;
UPDATE `dp_teachers` SET `addressId`='CBY8660-2' WHERE `id`=3263;
UPDATE `dp_teachers` SET `addressId`='BZY6655-0' WHERE `id`=3264;
UPDATE `dp_teachers` SET `addressId`='BWT5670-8' WHERE `id`=3265;
UPDATE `dp_teachers` SET `addressId`='CYP2189-0' WHERE `id`=3266;
UPDATE `dp_teachers` SET `addressId`='BWP6255-0' WHERE `id`=3267;
UPDATE `dp_teachers` SET `addressId`='BYT0226-3' WHERE `id`=3268;
UPDATE `dp_teachers` SET `addressId`='CFS5139-1' WHERE `id`=3269;
UPDATE `dp_teachers` SET `addressId`='CFZ5537-1' WHERE `id`=3270;
UPDATE `dp_teachers` SET `addressId`='FHF5966-0' WHERE `id`=3271;
UPDATE `dp_teachers` SET `addressId`='FHX9507-8' WHERE `id`=3272;
UPDATE `dp_teachers` SET `addressId`='FJV5513-6' WHERE `id`=3275;
UPDATE `dp_teachers` SET `addressId`='DXV2285-6' WHERE `id`=3276;
UPDATE `dp_teachers` SET `addressId`='CZY8080-9' WHERE `id`=3277;
UPDATE `dp_teachers` SET `addressId`='BXD6567-5' WHERE `id`=3278;
UPDATE `dp_teachers` SET `addressId`='BYB7773-9' WHERE `id`=3279;
UPDATE `dp_teachers` SET `addressId`='CZV3356-2' WHERE `id`=3280;
UPDATE `dp_teachers` SET `addressId`='CTM7792-0' WHERE `id`=3281;
UPDATE `dp_teachers` SET `addressId`='GCL1358-3' WHERE `id`=3282;
UPDATE `dp_teachers` SET `addressId`='CZJ8666-3' WHERE `id`=3283;
UPDATE `dp_teachers` SET `addressId`='CZM6521-5' WHERE `id`=3284;
UPDATE `dp_teachers` SET `addressId`='CXC5588-8' WHERE `id`=3285;
UPDATE `dp_teachers` SET `addressId`='CTL9257-5' WHERE `id`=3286;
UPDATE `dp_teachers` SET `addressId`='FGD2050-1' WHERE `id`=3287;
UPDATE `dp_teachers` SET `addressId`='FGV9898-0' WHERE `id`=3288;
UPDATE `dp_teachers` SET `addressId`='DXJ6755-0' WHERE `id`=3289;
UPDATE `dp_teachers` SET `addressId`='FPL9050-1' WHERE `id`=3290;
UPDATE `dp_teachers` SET `addressId`='CHS9096-6' WHERE `id`=3291;
UPDATE `dp_teachers` SET `addressId`='FGV3261-5' WHERE `id`=3292;
UPDATE `dp_teachers` SET `addressId`='FHW9598-1' WHERE `id`=3293;
UPDATE `dp_teachers` SET `addressId`='GCT5676-6' WHERE `id`=3294;
UPDATE `dp_teachers` SET `addressId`='FRN6211-0' WHERE `id`=3295;
UPDATE `dp_teachers` SET `addressId`='CBY9765-5' WHERE `id`=3296;
UPDATE `dp_teachers` SET `addressId`='CGC5199-5' WHERE `id`=3297;
UPDATE `dp_teachers` SET `addressId`='BGD6776-8' WHERE `id`=3298;
UPDATE `dp_teachers` SET `addressId`='BDY1320-2' WHERE `id`=3299;
UPDATE `dp_teachers` SET `addressId`='FZM5059-3' WHERE `id`=3300;
UPDATE `dp_teachers` SET `addressId`='FNF5731-2' WHERE `id`=3301;
UPDATE `dp_teachers` SET `addressId`='DGS2290-9' WHERE `id`=3302;
UPDATE `dp_teachers` SET `addressId`='FXZ3959-6' WHERE `id`=3303;
UPDATE `dp_teachers` SET `addressId`='FXZ1810-8' WHERE `id`=3304;
UPDATE `dp_teachers` SET `addressId`='DNQ5812-0' WHERE `id`=3305;
UPDATE `dp_teachers` SET `addressId`='FTB2095-0' WHERE `id`=3306;
UPDATE `dp_teachers` SET `addressId`='FSN7572-2' WHERE `id`=3307;
UPDATE `dp_teachers` SET `addressId`='FXM1503-5' WHERE `id`=3308;
UPDATE `dp_teachers` SET `addressId`='CKV5712-2' WHERE `id`=3309;
UPDATE `dp_teachers` SET `addressId`='DSQ0033-6' WHERE `id`=3310;
UPDATE `dp_teachers` SET `addressId`='DPD2227-3' WHERE `id`=3311;
UPDATE `dp_teachers` SET `addressId`='BDW9911-1' WHERE `id`=3313;
UPDATE `dp_teachers` SET `addressId`='DQF9938-7' WHERE `id`=3314;
UPDATE `dp_teachers` SET `addressId`='FXY9870-7' WHERE `id`=3315;
UPDATE `dp_teachers` SET `addressId`='FXZ3151-3' WHERE `id`=3316;
UPDATE `dp_teachers` SET `addressId`='FYB9081-7' WHERE `id`=3317;
UPDATE `dp_teachers` SET `addressId`='FXY9860-5' WHERE `id`=3318;
UPDATE `dp_teachers` SET `addressId`='FYG6021-2' WHERE `id`=3319;
UPDATE `dp_teachers` SET `addressId`='FXZ6065-9' WHERE `id`=3320;
UPDATE `dp_teachers` SET `addressId`='FXY9870-7' WHERE `id`=3321;
UPDATE `dp_teachers` SET `addressId`='DQM9053-9' WHERE `id`=3322;
UPDATE `dp_teachers` SET `addressId`='FXZ0618-6' WHERE `id`=3323;
UPDATE `dp_teachers` SET `addressId`='FLM7375-9' WHERE `id`=3324;
UPDATE `dp_teachers` SET `addressId`='FYG6661-9' WHERE `id`=3325;
UPDATE `dp_teachers` SET `addressId`='CWN0137-3' WHERE `id`=3326;
UPDATE `dp_teachers` SET `addressId`='CTQ9655-5' WHERE `id`=3327;
UPDATE `dp_teachers` SET `addressId`='CXC0989-0' WHERE `id`=3328;
UPDATE `dp_teachers` SET `addressId`='CHX0766-5' WHERE `id`=3329;
UPDATE `dp_teachers` SET `addressId`='CHP1121-2' WHERE `id`=3330;
UPDATE `dp_teachers` SET `addressId`='BPV5563-5' WHERE `id`=3331;
UPDATE `dp_teachers` SET `addressId`='FRB2983-1' WHERE `id`=3332;
UPDATE `dp_teachers` SET `addressId`='JRV9782-3' WHERE `id`=3333;
UPDATE `dp_teachers` SET `addressId`='FJX8211-7' WHERE `id`=3334;
UPDATE `dp_teachers` SET `addressId`='FMS6860-3' WHERE `id`=3338;
UPDATE `dp_teachers` SET `addressId`='FMR6336-3' WHERE `id`=3339;
UPDATE `dp_teachers` SET `addressId`='CHH3852-9' WHERE `id`=3340;
UPDATE `dp_teachers` SET `addressId`='FLR6237-6' WHERE `id`=3341;
UPDATE `dp_teachers` SET `addressId`='FQN7103-6' WHERE `id`=3342;
UPDATE `dp_teachers` SET `addressId`='FQR6870-9' WHERE `id`=3343;
UPDATE `dp_teachers` SET `addressId`='FPH6223-8' WHERE `id`=3344;
UPDATE `dp_teachers` SET `addressId`='BQG5960-0' WHERE `id`=3345;
UPDATE `dp_teachers` SET `addressId`='BQX2359-7' WHERE `id`=3346;
UPDATE `dp_teachers` SET `addressId`='BNT9731-8' WHERE `id`=3347;
UPDATE `dp_teachers` SET `addressId`='DYL6237-0' WHERE `id`=3348;
UPDATE `dp_teachers` SET `addressId`='DZG1629-8' WHERE `id`=3349;
UPDATE `dp_teachers` SET `addressId`='FQS8917-0' WHERE `id`=3350;
UPDATE `dp_teachers` SET `addressId`='FQN7111-6' WHERE `id`=3351;
UPDATE `dp_teachers` SET `addressId`='FQQ6070-0' WHERE `id`=3352;
UPDATE `dp_teachers` SET `addressId`='FQN7111-6' WHERE `id`=3353;
UPDATE `dp_teachers` SET `addressId`='DHN1220-7' WHERE `id`=3380;
UPDATE `dp_teachers` SET `addressId`='FBW0957-9' WHERE `id`=3381;
UPDATE `dp_teachers` SET `addressId`='FHQ0512-9' WHERE `id`=3382;
UPDATE `dp_teachers` SET `addressId`='FHK7250-9' WHERE `id`=3383;
UPDATE `dp_teachers` SET `addressId`='BBY7223-5' WHERE `id`=3384;
UPDATE `dp_teachers` SET `addressId`='BPR9017-5' WHERE `id`=3385;
UPDATE `dp_teachers` SET `addressId`='BYQ5991-9' WHERE `id`=3386;
UPDATE `dp_teachers` SET `addressId`='BXB3318-8' WHERE `id`=3387;
UPDATE `dp_teachers` SET `addressId`='FWH5260-5' WHERE `id`=3388;
UPDATE `dp_teachers` SET `addressId`='CTR6072-0' WHERE `id`=3390;
UPDATE `dp_teachers` SET `addressId`='DCL3063-6' WHERE `id`=3391;
UPDATE `dp_teachers` SET `addressId`='CTY3915-7' WHERE `id`=3392;
UPDATE `dp_teachers` SET `addressId`='CWP6769-9' WHERE `id`=3393;
UPDATE `dp_teachers` SET `addressId`='CVL8386-5' WHERE `id`=3394;
UPDATE `dp_teachers` SET `addressId`='DDN9207-3' WHERE `id`=3395;
UPDATE `dp_teachers` SET `addressId`='CVB6506-7' WHERE `id`=3396;
UPDATE `dp_teachers` SET `addressId`='DBF8795-3' WHERE `id`=3397;
UPDATE `dp_teachers` SET `addressId`='CRD9792-0' WHERE `id`=3398;
UPDATE `dp_teachers` SET `addressId`='CKF1726-8' WHERE `id`=3399;
UPDATE `dp_teachers` SET `addressId`='CCV3010-6' WHERE `id`=3400;
UPDATE `dp_teachers` SET `addressId`='BPJ1213-0' WHERE `id`=3401;
UPDATE `dp_teachers` SET `addressId`='BMZ5178-8' WHERE `id`=3402;
UPDATE `dp_teachers` SET `addressId`='BQH1526-5' WHERE `id`=3403;
UPDATE `dp_teachers` SET `addressId`='FDV0360-2' WHERE `id`=3404;
UPDATE `dp_teachers` SET `addressId`='BRY1100-9' WHERE `id`=3405;
UPDATE `dp_teachers` SET `addressId`='DQQ1571-9' WHERE `id`=3406;
UPDATE `dp_teachers` SET `addressId`='CGX1083-2' WHERE `id`=3407;
UPDATE `dp_teachers` SET `addressId`='CGB1731-1' WHERE `id`=3408;
UPDATE `dp_teachers` SET `addressId`='CJF6039-6' WHERE `id`=3409;
UPDATE `dp_teachers` SET `addressId`='FPM6233-0' WHERE `id`=3410;
UPDATE `dp_teachers` SET `addressId`='DZL5135-7' WHERE `id`=3411;
UPDATE `dp_teachers` SET `addressId`='DYH7679-0' WHERE `id`=3412;
UPDATE `dp_teachers` SET `addressId`='DXS0521-0' WHERE `id`=3414;
UPDATE `dp_teachers` SET `addressId`='FGG1927-6' WHERE `id`=3415;
UPDATE `dp_teachers` SET `addressId`='FBL5081-7' WHERE `id`=3416;
UPDATE `dp_teachers` SET `addressId`='FDD3827-9' WHERE `id`=3417;
UPDATE `dp_teachers` SET `addressId`='FGX6129-3' WHERE `id`=3418;
UPDATE `dp_teachers` SET `addressId`='DYG7927-2' WHERE `id`=3419;
UPDATE `dp_teachers` SET `addressId`='DHM8111-6' WHERE `id`=3420;
UPDATE `dp_teachers` SET `addressId`='CQZ8572-0' WHERE `id`=3421;
UPDATE `dp_teachers` SET `addressId`='DNR2538-5' WHERE `id`=3422;
UPDATE `dp_teachers` SET `addressId`='DPN2110-1' WHERE `id`=3423;
UPDATE `dp_teachers` SET `addressId`='DGC9139-6' WHERE `id`=3424;
UPDATE `dp_teachers` SET `addressId`='FRW5159-5' WHERE `id`=3425;
UPDATE `dp_teachers` SET `addressId`='FNV7962-9' WHERE `id`=3426;
UPDATE `dp_teachers` SET `addressId`='FLR5506-3' WHERE `id`=3427;
UPDATE `dp_teachers` SET `addressId`='FPP0596-0' WHERE `id`=3428;
UPDATE `dp_teachers` SET `addressId`='CVS8218-0' WHERE `id`=3429;
UPDATE `dp_teachers` SET `addressId`='CSK1237-8' WHERE `id`=3430;
UPDATE `dp_teachers` SET `addressId`='GCQ8899-6' WHERE `id`=3432;
UPDATE `dp_teachers` SET `addressId`='DRJ2769-0' WHERE `id`=3433;
UPDATE `dp_teachers` SET `addressId`='DNN6175-9' WHERE `id`=3434;
UPDATE `dp_teachers` SET `addressId`='FSS2386-2' WHERE `id`=3435;
UPDATE `dp_teachers` SET `addressId`='BBR2890-3' WHERE `id`=3436;
UPDATE `dp_teachers` SET `addressId`='DLJ3112-0' WHERE `id`=3437;
UPDATE `dp_teachers` SET `addressId`='DLV6065-1' WHERE `id`=3438;
UPDATE `dp_teachers` SET `addressId`='FCY6228-2' WHERE `id`=3439;
UPDATE `dp_teachers` SET `addressId`='FQK3758-8' WHERE `id`=3440;
UPDATE `dp_teachers` SET `addressId`='DTJ9826-2' WHERE `id`=3441;
UPDATE `dp_teachers` SET `addressId`='CHW1172-3' WHERE `id`=3442;
UPDATE `dp_teachers` SET `addressId`='CBL3620-0' WHERE `id`=3443;
UPDATE `dp_teachers` SET `addressId`='BZM0253-2' WHERE `id`=3444;
UPDATE `dp_teachers` SET `addressId`='DZC3891-2' WHERE `id`=3445;
UPDATE `dp_teachers` SET `addressId`='FGF5137-5' WHERE `id`=3446;
UPDATE `dp_teachers` SET `addressId`='FDC2867-8' WHERE `id`=3447;
UPDATE `dp_teachers` SET `addressId`='DDL6701-0' WHERE `id`=3448;
UPDATE `dp_teachers` SET `addressId`='BXB1171-9' WHERE `id`=3449;
UPDATE `dp_teachers` SET `addressId`='CTY7200-5' WHERE `id`=3450;
UPDATE `dp_teachers` SET `addressId`='DCV3955-2' WHERE `id`=3451;
UPDATE `dp_teachers` SET `addressId`='CZZ7253-2' WHERE `id`=3452;
UPDATE `dp_teachers` SET `addressId`='DDF7907-1' WHERE `id`=3453;
UPDATE `dp_teachers` SET `addressId`='DBW1611-2' WHERE `id`=3455;
UPDATE `dp_teachers` SET `addressId`='BXG3252-7' WHERE `id`=3456;
UPDATE `dp_teachers` SET `addressId`='CWM2976-8' WHERE `id`=3457;
UPDATE `dp_teachers` SET `addressId`='BWJ3830-2' WHERE `id`=3458;
UPDATE `dp_teachers` SET `addressId`='CYK9311-2' WHERE `id`=3459;
UPDATE `dp_teachers` SET `addressId`='CYC8068-7' WHERE `id`=3460;
UPDATE `dp_teachers` SET `addressId`='CVW5607-1' WHERE `id`=3461;
UPDATE `dp_teachers` SET `addressId`='DBK9256-6' WHERE `id`=3463;
UPDATE `dp_teachers` SET `addressId`='DDW1225-9' WHERE `id`=3464;
UPDATE `dp_teachers` SET `addressId`='CWX8179-6' WHERE `id`=3465;
UPDATE `dp_teachers` SET `addressId`='DGF0256-3' WHERE `id`=3466;
UPDATE `dp_teachers` SET `addressId`='DHB0360-3' WHERE `id`=3467;
UPDATE `dp_teachers` SET `addressId`='BMD6083-6' WHERE `id`=3468;
UPDATE `dp_teachers` SET `addressId`='CJX7832-1' WHERE `id`=3469;
UPDATE `dp_teachers` SET `addressId`='BYW3619-9' WHERE `id`=3471;
UPDATE `dp_teachers` SET `addressId`='CBX0373-1' WHERE `id`=3472;
UPDATE `dp_teachers` SET `addressId`='DFM8381-3' WHERE `id`=3473;
UPDATE `dp_teachers` SET `addressId`='BQV9390-3' WHERE `id`=3475;
UPDATE `dp_teachers` SET `addressId`='BRY0622-6' WHERE `id`=3477;
UPDATE `dp_teachers` SET `addressId`='CVQ1868-0' WHERE `id`=3478;
UPDATE `dp_teachers` SET `addressId`='DBG1813-6' WHERE `id`=3479;
UPDATE `dp_teachers` SET `addressId`='CWH2970-1' WHERE `id`=3480;
UPDATE `dp_teachers` SET `addressId`='FHV3196-9' WHERE `id`=3481;
UPDATE `dp_teachers` SET `addressId`='FPR7567-2' WHERE `id`=3482;
UPDATE `dp_teachers` SET `addressId`='BQD3785-5' WHERE `id`=3483;
UPDATE `dp_teachers` SET `addressId`='CBM1660-5' WHERE `id`=3484;
UPDATE `dp_teachers` SET `addressId`='DRQ8620-5' WHERE `id`=3485;
UPDATE `dp_teachers` SET `addressId`='GCQ8899-6' WHERE `id`=3486;
UPDATE `dp_teachers` SET `addressId`='CPF8683-6' WHERE `id`=3487;
UPDATE `dp_teachers` SET `addressId`='DNY5851-2' WHERE `id`=3488;
UPDATE `dp_teachers` SET `addressId`='FXY9870-7' WHERE `id`=3489;
UPDATE `dp_teachers` SET `addressId`='DST6687-7' WHERE `id`=3490;
UPDATE `dp_teachers` SET `addressId`='FXY9870-7' WHERE `id`=3491;
UPDATE `dp_teachers` SET `addressId`='FXY9870-7' WHERE `id`=3492;
UPDATE `dp_teachers` SET `addressId`='CHN1702-2' WHERE `id`=3498;
UPDATE `dp_teachers` SET `addressId`='DLT5373-1' WHERE `id`=3499;
UPDATE `dp_teachers` SET `addressId`='CPZ6055-0' WHERE `id`=3500;
