UPDATE `dc_units` SET `manager_address_addressId`='CKL3132-0' WHERE `id`=25;
UPDATE `dc_units` SET `manager_address_addressId`='CPM6152-6' WHERE `id`=26;
UPDATE `dc_units` SET `manager_address_addressId`='CQT7288-0' WHERE `id`=27;
UPDATE `dc_units` SET `manager_address_addressId`='CSV6003-7' WHERE `id`=28;
UPDATE `dc_units` SET `manager_address_addressId`='CLM0273-1' WHERE `id`=30;
UPDATE `dc_units` SET `manager_address_addressId`='CMN9217-0' WHERE `id`=31;
UPDATE `dc_units` SET `manager_address_addressId`='CNC6199-5' WHERE `id`=32;
UPDATE `dc_units` SET `manager_address_addressId`='CNK6023-1' WHERE `id`=33;
UPDATE `dc_units` SET `manager_address_addressId`='CNW7781-7' WHERE `id`=34;
UPDATE `dc_units` SET `manager_address_addressId`='CQM2967-7' WHERE `id`=35;
UPDATE `dc_units` SET `manager_address_addressId`='DPB6550-8' WHERE `id`=53;
UPDATE `dc_units` SET `manager_address_addressId`='DXC2752-7' WHERE `id`=54;
UPDATE `dc_units` SET `manager_address_addressId`='DRP8057-5' WHERE `id`=55;
UPDATE `dc_units` SET `manager_address_addressId`='DJZ6900-0' WHERE `id`=56;
UPDATE `dc_units` SET `manager_address_addressId`='DJG2012-0' WHERE `id`=57;
UPDATE `dc_units` SET `manager_address_addressId`='DQL9085-1' WHERE `id`=58;
UPDATE `dc_units` SET `manager_address_addressId`='DQS0388-8' WHERE `id`=59;
UPDATE `dc_units` SET `manager_address_addressId`='DGK8676-1' WHERE `id`=60;
UPDATE `dc_units` SET `manager_address_addressId`='DGP6172-5' WHERE `id`=61;
UPDATE `dc_units` SET `manager_address_addressId`='DJB8232-5' WHERE `id`=62;
UPDATE `dc_units` SET `manager_address_addressId`='DJW9658-6' WHERE `id`=63;
UPDATE `dc_units` SET `manager_address_addressId`='DLY7719-6' WHERE `id`=64;
UPDATE `dc_units` SET `manager_address_addressId`='DNK6125-3' WHERE `id`=65;
UPDATE `dc_units` SET `manager_address_addressId`='DPB1065-0' WHERE `id`=66;
UPDATE `dc_units` SET `manager_address_addressId`='DTJ8509-9' WHERE `id`=67;
UPDATE `dc_units` SET `manager_address_addressId`='DVG2826-0' WHERE `id`=68;
UPDATE `dc_units` SET `manager_address_addressId`='DQB5567-9' WHERE `id`=69;
UPDATE `dc_units` SET `manager_address_addressId`='DSG9958-8' WHERE `id`=70;
UPDATE `dc_units` SET `manager_address_addressId`='DQP0805-9' WHERE `id`=71;
UPDATE `dc_units` SET `manager_address_addressId`='DQT5129-6' WHERE `id`=72;
UPDATE `dc_units` SET `manager_address_addressId`='DSX2357-0' WHERE `id`=74;
UPDATE `dc_units` SET `manager_address_addressId`='DVP9085-0' WHERE `id`=75;
UPDATE `dc_units` SET `manager_address_addressId`='DVX2377-7' WHERE `id`=76;
UPDATE `dc_units` SET `manager_address_addressId`='DWF0562-9' WHERE `id`=77;
UPDATE `dc_units` SET `manager_address_addressId`='DWM1671-7' WHERE `id`=78;
UPDATE `dc_units` SET `manager_address_addressId`='DWP1190-5' WHERE `id`=79;
UPDATE `dc_units` SET `manager_address_addressId`='DWP3631-7' WHERE `id`=80;
UPDATE `dc_units` SET `manager_address_addressId`='DWP7585-3' WHERE `id`=81;
UPDATE `dc_units` SET `manager_address_addressId`='DWS1527-5' WHERE `id`=82;
UPDATE `dc_units` SET `manager_address_addressId`='DWV8521-7' WHERE `id`=83;
UPDATE `dc_units` SET `manager_address_addressId`='DWW8290-6' WHERE `id`=84;
UPDATE `dc_units` SET `manager_address_addressId`='DWX2128-8' WHERE `id`=85;
UPDATE `dc_units` SET `manager_address_addressId`='DWX9012-5' WHERE `id`=86;
UPDATE `dc_units` SET `manager_address_addressId`='DWY1637-5' WHERE `id`=87;
UPDATE `dc_units` SET `manager_address_addressId`='DWZ6219-6' WHERE `id`=88;
UPDATE `dc_units` SET `manager_address_addressId`='BKM8180-7' WHERE `id`=99;
UPDATE `dc_units` SET `manager_address_addressId`='BKQ3202-0' WHERE `id`=100;
UPDATE `dc_units` SET `manager_address_addressId`='BKL7579-7' WHERE `id`=101;
UPDATE `dc_units` SET `manager_address_addressId`='BFY1913-8' WHERE `id`=103;
UPDATE `dc_units` SET `manager_address_addressId`='BFB6987-0' WHERE `id`=104;
UPDATE `dc_units` SET `manager_address_addressId`='DVF8996-7' WHERE `id`=107;
UPDATE `dc_units` SET `manager_address_addressId`='DDT7829-5' WHERE `id`=115;
UPDATE `dc_units` SET `manager_address_addressId`='DBQ7970-1' WHERE `id`=116;
UPDATE `dc_units` SET `manager_address_addressId`='CYM3169-0' WHERE `id`=117;
UPDATE `dc_units` SET `manager_address_addressId`='CVN9113-6' WHERE `id`=118;
UPDATE `dc_units` SET `manager_address_addressId`='DDK2278-6' WHERE `id`=119;
UPDATE `dc_units` SET `manager_address_addressId`='CGD6906-7' WHERE `id`=120;
UPDATE `dc_units` SET `manager_address_addressId`='CGR7070-7' WHERE `id`=121;
UPDATE `dc_units` SET `manager_address_addressId`='FPD2258-8' WHERE `id`=122;
UPDATE `dc_units` SET `manager_address_addressId`='BXR5675-9' WHERE `id`=125;
UPDATE `dc_units` SET `manager_address_addressId`='BYP9511-1' WHERE `id`=126;
UPDATE `dc_units` SET `manager_address_addressId`='FFS7636-6' WHERE `id`=127;
UPDATE `dc_units` SET `manager_address_addressId`='FJR8752-6' WHERE `id`=128;
UPDATE `dc_units` SET `manager_address_addressId`='DZJ5897-1' WHERE `id`=129;
UPDATE `dc_units` SET `manager_address_addressId`='FDY3337-0' WHERE `id`=130;
UPDATE `dc_units` SET `manager_address_addressId`='FST7902-6' WHERE `id`=136;
UPDATE `dc_units` SET `manager_address_addressId`='GBB8928-8' WHERE `id`=137;
UPDATE `dc_units` SET `manager_address_addressId`='FXV6811-9' WHERE `id`=138;
UPDATE `dc_units` SET `manager_address_addressId`='BXZ7610-5' WHERE `id`=140;
UPDATE `dc_units` SET `manager_address_addressId`='BXP8315-0' WHERE `id`=141;
UPDATE `dc_units` SET `manager_address_addressId`='BYK5991-3' WHERE `id`=142;
UPDATE `dc_units` SET `manager_address_addressId`='BYS8766-3' WHERE `id`=143;
UPDATE `dc_units` SET `manager_address_addressId`='BZF0592-9' WHERE `id`=144;
UPDATE `dc_units` SET `manager_address_addressId`='BYW2378-7' WHERE `id`=145;
UPDATE `dc_units` SET `manager_address_addressId`='BRZ0072-2' WHERE `id`=146;
UPDATE `dc_units` SET `manager_address_addressId`='BRW2556-0' WHERE `id`=147;
UPDATE `dc_units` SET `manager_address_addressId`='BSK8776-0' WHERE `id`=148;
UPDATE `dc_units` SET `manager_address_addressId`='BBK5575-8' WHERE `id`=149;
UPDATE `dc_units` SET `manager_address_addressId`='BDH3250-3' WHERE `id`=150;
UPDATE `dc_units` SET `manager_address_addressId`='BDM6003-2' WHERE `id`=151;
UPDATE `dc_units` SET `manager_address_addressId`='BPT3090-0' WHERE `id`=152;
UPDATE `dc_units` SET `manager_address_addressId`='BPY8977-0' WHERE `id`=153;
UPDATE `dc_units` SET `manager_address_addressId`='BPP1982-9' WHERE `id`=154;
UPDATE `dc_units` SET `manager_address_addressId`='CCX1912-7' WHERE `id`=155;
UPDATE `dc_units` SET `manager_address_addressId`='CCB6181-6' WHERE `id`=156;
UPDATE `dc_units` SET `manager_address_addressId`='CCB3672-8' WHERE `id`=157;
UPDATE `dc_units` SET `manager_address_addressId`='FZS2011-0' WHERE `id`=160;
UPDATE `dc_units` SET `manager_address_addressId`='FPD8759-8' WHERE `id`=166;
UPDATE `dc_units` SET `manager_address_addressId`='FPN6077-0' WHERE `id`=167;
UPDATE `dc_units` SET `manager_address_addressId`='FQX9706-5' WHERE `id`=168;
UPDATE `dc_units` SET `manager_address_addressId`='FQD9396-0' WHERE `id`=169;
UPDATE `dc_units` SET `manager_address_addressId`='BBF8005-0' WHERE `id`=170;
UPDATE `dc_units` SET `manager_address_addressId`='BND0180-8' WHERE `id`=171;
UPDATE `dc_units` SET `manager_address_addressId`='BMF8676-8' WHERE `id`=172;
UPDATE `dc_units` SET `manager_address_addressId`='BLQ3381-5' WHERE `id`=173;
UPDATE `dc_units` SET `manager_address_addressId`='BNT2681-7' WHERE `id`=174;
UPDATE `dc_units` SET `manager_address_addressId`='CBS5516-9' WHERE `id`=175;
UPDATE `dc_units` SET `manager_address_addressId`='FGX9521-0' WHERE `id`=176;
UPDATE `dc_units` SET `manager_address_addressId`='BZR8627-5' WHERE `id`=183;
UPDATE `dc_units` SET `manager_address_addressId`='CJG1627-5' WHERE `id`=184;
UPDATE `dc_units` SET `manager_address_addressId`='BWG5007-8' WHERE `id`=185;
UPDATE `dc_units` SET `manager_address_addressId`='BVM6283-9' WHERE `id`=186;
UPDATE `dc_units` SET `manager_address_addressId`='BVS3921-9' WHERE `id`=187;
UPDATE `dc_units` SET `manager_address_addressId`='CHS1990-5' WHERE `id`=196;
UPDATE `dc_units` SET `manager_address_addressId`='CJJ1070-0' WHERE `id`=198;
UPDATE `dc_units` SET `manager_address_addressId`='CNX2793-6' WHERE `id`=199;
UPDATE `dc_units` SET `manager_address_addressId`='CSG5703-3' WHERE `id`=200;
UPDATE `dc_units` SET `manager_address_addressId`='CQQ9815-5' WHERE `id`=201;
UPDATE `dc_units` SET `manager_address_addressId`='CQW7383-9' WHERE `id`=202;
UPDATE `dc_units` SET `manager_address_addressId`='CSN8891-5' WHERE `id`=203;
UPDATE `dc_units` SET `manager_address_addressId`='DSX1387-2' WHERE `id`=204;
UPDATE `dc_units` SET `manager_address_addressId`='DVY5169-8' WHERE `id`=205;
UPDATE `dc_units` SET `manager_address_addressId`='DWX3521-7' WHERE `id`=206;
UPDATE `dc_units` SET `manager_address_addressId`='DXC1328-0' WHERE `id`=208;
UPDATE `dc_units` SET `manager_address_addressId`='DWX6889-8' WHERE `id`=209;
UPDATE `dc_units` SET `manager_address_addressId`='DWP0315-6' WHERE `id`=210;
UPDATE `dc_units` SET `manager_address_addressId`='DNY5835-2' WHERE `id`=211;
UPDATE `dc_units` SET `manager_address_addressId`='BYP0066-6' WHERE `id`=214;
UPDATE `dc_units` SET `manager_address_addressId`='DPC0369-3' WHERE `id`=215;
UPDATE `dc_units` SET `manager_address_addressId`='DWW8721-8' WHERE `id`=216;
UPDATE `dc_units` SET `manager_address_addressId`='BVJ5202-2' WHERE `id`=217;
UPDATE `dc_units` SET `manager_address_addressId`='FJX2155-1' WHERE `id`=218;
UPDATE `dc_units` SET `manager_address_addressId`='FLJ5299-0' WHERE `id`=219;
UPDATE `dc_units` SET `manager_address_addressId`='FLN7817-9' WHERE `id`=220;
UPDATE `dc_units` SET `manager_address_addressId`='FNK8685-6' WHERE `id`=221;
UPDATE `dc_units` SET `manager_address_addressId`='FGY3032-9' WHERE `id`=222;
UPDATE `dc_units` SET `manager_address_addressId`='FDQ8685-2' WHERE `id`=223;
UPDATE `dc_units` SET `manager_address_addressId`='FCH0536-8' WHERE `id`=224;
UPDATE `dc_units` SET `manager_address_addressId`='FDL6585-1' WHERE `id`=225;
UPDATE `dc_units` SET `manager_address_addressId`='DXJ2597-9' WHERE `id`=226;
UPDATE `dc_units` SET `manager_address_addressId`='BBH0583-8' WHERE `id`=227;
UPDATE `dc_units` SET `manager_address_addressId`='CND8372-2' WHERE `id`=228;
UPDATE `dc_units` SET `manager_address_addressId`='CNN7810-0' WHERE `id`=229;
UPDATE `dc_units` SET `manager_address_addressId`='CQL8830-0' WHERE `id`=230;
UPDATE `dc_units` SET `manager_address_addressId`='CRQ9751-1' WHERE `id`=231;
UPDATE `dc_units` SET `manager_address_addressId`='CCT0123-7' WHERE `id`=232;
UPDATE `dc_units` SET `manager_address_addressId`='CCN3232-8' WHERE `id`=233;
UPDATE `dc_units` SET `manager_address_addressId`='BRS3233-3' WHERE `id`=234;
UPDATE `dc_units` SET `manager_address_addressId`='BRQ6823-1' WHERE `id`=235;
UPDATE `dc_units` SET `manager_address_addressId`='BSH0828-3' WHERE `id`=236;
UPDATE `dc_units` SET `manager_address_addressId`='BBB3920-1' WHERE `id`=237;
UPDATE `dc_units` SET `manager_address_addressId`='BHR2979-1' WHERE `id`=238;
UPDATE `dc_units` SET `manager_address_addressId`='BKN7638-0' WHERE `id`=239;
UPDATE `dc_units` SET `manager_address_addressId`='BVP2516-0' WHERE `id`=240;
UPDATE `dc_units` SET `manager_address_addressId`='DKV3158-8' WHERE `id`=241;
UPDATE `dc_units` SET `manager_address_addressId`='DMN9602-2' WHERE `id`=242;
UPDATE `dc_units` SET `manager_address_addressId`='CPM2563-5' WHERE `id`=245;
UPDATE `dc_units` SET `manager_address_addressId`='CKN0732-7' WHERE `id`=246;
UPDATE `dc_units` SET `manager_address_addressId`='CLY6578-0' WHERE `id`=247;
UPDATE `dc_units` SET `manager_address_addressId`='CKY0553-0' WHERE `id`=248;
UPDATE `dc_units` SET `manager_address_addressId`='CSX3560-9' WHERE `id`=249;
UPDATE `dc_units` SET `manager_address_addressId`='CJK6112-8' WHERE `id`=250;
UPDATE `dc_units` SET `manager_address_addressId`='CPB0581-3' WHERE `id`=251;
UPDATE `dc_units` SET `manager_address_addressId`='CRJ9777-1' WHERE `id`=252;
UPDATE `dc_units` SET `manager_address_addressId`='BSG5295-1' WHERE `id`=253;
UPDATE `dc_units` SET `manager_address_addressId`='BBV3793-2' WHERE `id`=254;
UPDATE `dc_units` SET `manager_address_addressId`='BDV7555-9' WHERE `id`=255;
UPDATE `dc_units` SET `manager_address_addressId`='BDZ0606-5' WHERE `id`=256;
UPDATE `dc_units` SET `manager_address_addressId`='CKY5115-2' WHERE `id`=257;
UPDATE `dc_units` SET `manager_address_addressId`='CMY2077-3' WHERE `id`=258;
UPDATE `dc_units` SET `manager_address_addressId`='DWP7585-3' WHERE `id`=267;
UPDATE `dc_units` SET `manager_address_addressId`='DHS3676-2' WHERE `id`=268;
UPDATE `dc_units` SET `manager_address_addressId`='DQP2928-7' WHERE `id`=269;
UPDATE `dc_units` SET `manager_address_addressId`='DVN8503-9' WHERE `id`=270;
UPDATE `dc_units` SET `manager_address_addressId`='DWS5175-7' WHERE `id`=271;
UPDATE `dc_units` SET `manager_address_addressId`='DFY0337-8' WHERE `id`=272;
UPDATE `dc_units` SET `manager_address_addressId`='DPY1677-7' WHERE `id`=273;
UPDATE `dc_units` SET `manager_address_addressId`='DTY5181-8' WHERE `id`=274;
UPDATE `dc_units` SET `manager_address_addressId`='DQM8593-8' WHERE `id`=275;
UPDATE `dc_units` SET `manager_address_addressId`='DTQ6919-5' WHERE `id`=276;
UPDATE `dc_units` SET `manager_address_addressId`='CBZ0329-8' WHERE `id`=277;
UPDATE `dc_units` SET `manager_address_addressId`='CBZ6732-9' WHERE `id`=278;
UPDATE `dc_units` SET `manager_address_addressId`='BXV8388-1' WHERE `id`=279;
UPDATE `dc_units` SET `manager_address_addressId`='BXZ8272-0' WHERE `id`=280;
UPDATE `dc_units` SET `manager_address_addressId`='BYR7691-2' WHERE `id`=281;
UPDATE `dc_units` SET `manager_address_addressId`='BXT7208-3' WHERE `id`=282;
UPDATE `dc_units` SET `manager_address_addressId`='BXM2821-9' WHERE `id`=283;
UPDATE `dc_units` SET `manager_address_addressId`='CFZ7190-2' WHERE `id`=284;
UPDATE `dc_units` SET `manager_address_addressId`='CHD2900-0' WHERE `id`=285;
UPDATE `dc_units` SET `manager_address_addressId`='GBV7036-7' WHERE `id`=286;
UPDATE `dc_units` SET `manager_address_addressId`='FZN8957-6' WHERE `id`=287;
UPDATE `dc_units` SET `manager_address_addressId`='CHQ6638-1' WHERE `id`=288;
UPDATE `dc_units` SET `manager_address_addressId`='GBP5083-0' WHERE `id`=289;
UPDATE `dc_units` SET `manager_address_addressId`='GBN5188-3' WHERE `id`=290;
UPDATE `dc_units` SET `manager_address_addressId`='CJD0988-2' WHERE `id`=291;
UPDATE `dc_units` SET `manager_address_addressId`='DFC2801-9' WHERE `id`=295;
UPDATE `dc_units` SET `manager_address_addressId`='DDD6302-0' WHERE `id`=296;
UPDATE `dc_units` SET `manager_address_addressId`='DDL9700-1' WHERE `id`=297;
UPDATE `dc_units` SET `manager_address_addressId`='CTS2152-9' WHERE `id`=298;
UPDATE `dc_units` SET `manager_address_addressId`='CTM2627-8' WHERE `id`=299;
UPDATE `dc_units` SET `manager_address_addressId`='DDR0335-0' WHERE `id`=300;
UPDATE `dc_units` SET `manager_address_addressId`='BZK2030-8' WHERE `id`=304;
UPDATE `dc_units` SET `manager_address_addressId`='BZM1121-6' WHERE `id`=305;
UPDATE `dc_units` SET `manager_address_addressId`='BZR6277-5' WHERE `id`=311;
UPDATE `dc_units` SET `manager_address_addressId`='BGK3687-0' WHERE `id`=313;
UPDATE `dc_units` SET `manager_address_addressId`='GBV9897-1' WHERE `id`=314;
UPDATE `dc_units` SET `manager_address_addressId`='BZM8850-0' WHERE `id`=316;
UPDATE `dc_units` SET `manager_address_addressId`='CPP0296-7' WHERE `id`=317;
UPDATE `dc_units` SET `manager_address_addressId`='BPF1871-2' WHERE `id`=319;
UPDATE `dc_units` SET `manager_address_addressId`='BNQ8569-7' WHERE `id`=320;
UPDATE `dc_units` SET `manager_address_addressId`='BNQ7323-2' WHERE `id`=321;
UPDATE `dc_units` SET `manager_address_addressId`='CKT8385-5' WHERE `id`=322;
UPDATE `dc_units` SET `manager_address_addressId`='DLD0638-2' WHERE `id`=323;
UPDATE `dc_units` SET `manager_address_addressId`='DTX3288-5' WHERE `id`=324;
UPDATE `dc_units` SET `manager_address_addressId`='DLL1955-7' WHERE `id`=325;
UPDATE `dc_units` SET `manager_address_addressId`='DRK8627-7' WHERE `id`=326;
UPDATE `dc_units` SET `manager_address_addressId`='DMK2381-6' WHERE `id`=327;
UPDATE `dc_units` SET `manager_address_addressId`='DXB1250-0' WHERE `id`=328;
UPDATE `dc_units` SET `manager_address_addressId`='DWY5939-1' WHERE `id`=329;
UPDATE `dc_units` SET `manager_address_addressId`='DWT2219-5' WHERE `id`=330;
UPDATE `dc_units` SET `manager_address_addressId`='DSY3387-6' WHERE `id`=333;
UPDATE `dc_units` SET `manager_address_addressId`='CPM7968-1' WHERE `id`=341;
UPDATE `dc_units` SET `manager_address_addressId`='CMH5033-3' WHERE `id`=342;
UPDATE `dc_units` SET `manager_address_addressId`='CGR1791-9' WHERE `id`=343;
UPDATE `dc_units` SET `manager_address_addressId`='CHG6298-1' WHERE `id`=344;
UPDATE `dc_units` SET `manager_address_addressId`='DCH6752-0' WHERE `id`=345;
UPDATE `dc_units` SET `manager_address_addressId`='DCF2982-7' WHERE `id`=346;
UPDATE `dc_units` SET `manager_address_addressId`='DCK7938-2' WHERE `id`=347;
UPDATE `dc_units` SET `manager_address_addressId`='DDR5879-7' WHERE `id`=348;
UPDATE `dc_units` SET `manager_address_addressId`='FWL2189-8' WHERE `id`=350;
UPDATE `dc_units` SET `manager_address_addressId`='FVP8975-9' WHERE `id`=351;
UPDATE `dc_units` SET `manager_address_addressId`='BZZ1153-9' WHERE `id`=352;
UPDATE `dc_units` SET `manager_address_addressId`='CBQ9731-0' WHERE `id`=353;
UPDATE `dc_units` SET `manager_address_addressId`='BFW6279-5' WHERE `id`=354;
UPDATE `dc_units` SET `manager_address_addressId`='GBX7892-9' WHERE `id`=355;
UPDATE `dc_units` SET `manager_address_addressId`='BQY0957-0' WHERE `id`=356;
UPDATE `dc_units` SET `manager_address_addressId`='BRY9367-6' WHERE `id`=357;
UPDATE `dc_units` SET `manager_address_addressId`='BRQ7321-9' WHERE `id`=358;
UPDATE `dc_units` SET `manager_address_addressId`='CHV2510-0' WHERE `id`=359;
UPDATE `dc_units` SET `manager_address_addressId`='BSC5307-3' WHERE `id`=360;
UPDATE `dc_units` SET `manager_address_addressId`='BRV9181-2' WHERE `id`=361;
UPDATE `dc_units` SET `manager_address_addressId`='CLG1090-6' WHERE `id`=362;
UPDATE `dc_units` SET `manager_address_addressId`='CWB7737-0' WHERE `id`=363;
UPDATE `dc_units` SET `manager_address_addressId`='CVY3532-1' WHERE `id`=364;
UPDATE `dc_units` SET `manager_address_addressId`='CVS7220-0' WHERE `id`=365;
UPDATE `dc_units` SET `manager_address_addressId`='DDZ0102-0' WHERE `id`=366;
UPDATE `dc_units` SET `manager_address_addressId`='FBY1197-7' WHERE `id`=369;
UPDATE `dc_units` SET `manager_address_addressId`='JTL1289-6' WHERE `id`=373;
UPDATE `dc_units` SET `manager_address_addressId`='BBX0217-3' WHERE `id`=374;
UPDATE `dc_units` SET `manager_address_addressId`='DTL2503-9' WHERE `id`=375;
UPDATE `dc_units` SET `manager_address_addressId`='DTV3056-0' WHERE `id`=376;
UPDATE `dc_units` SET `manager_address_addressId`='DLW8233-2' WHERE `id`=377;
UPDATE `dc_units` SET `manager_address_addressId`='DVS8328-1' WHERE `id`=378;
UPDATE `dc_units` SET `manager_address_addressId`='DMK5719-3' WHERE `id`=379;
UPDATE `dc_units` SET `manager_address_addressId`='DRY5910-5' WHERE `id`=380;
UPDATE `dc_units` SET `manager_address_addressId`='DLF8370-0' WHERE `id`=381;
UPDATE `dc_units` SET `manager_address_addressId`='CHP1233-0' WHERE `id`=383;
UPDATE `dc_units` SET `manager_address_addressId`='CHT9915-0' WHERE `id`=384;
UPDATE `dc_units` SET `manager_address_addressId`='GDC1805-7' WHERE `id`=385;
UPDATE `dc_units` SET `manager_address_addressId`='FPY0992-8' WHERE `id`=386;
UPDATE `dc_units` SET `manager_address_addressId`='BQJ5777-2' WHERE `id`=387;
UPDATE `dc_units` SET `manager_address_addressId`='BQN8586-0' WHERE `id`=388;
UPDATE `dc_units` SET `manager_address_addressId`='BQP6823-0' WHERE `id`=389;
UPDATE `dc_units` SET `manager_address_addressId`='CPP6755-7' WHERE `id`=390;
UPDATE `dc_units` SET `manager_address_addressId`='BQC8752-0' WHERE `id`=391;
UPDATE `dc_units` SET `manager_address_addressId`='FXM9779-2' WHERE `id`=393;
UPDATE `dc_units` SET `manager_address_addressId`='CKX2550-0' WHERE `id`=394;
UPDATE `dc_units` SET `manager_address_addressId`='CRB8797-1' WHERE `id`=395;
UPDATE `dc_units` SET `manager_address_addressId`='CSV9129-1' WHERE `id`=396;
UPDATE `dc_units` SET `manager_address_addressId`='BDB6621-8' WHERE `id`=398;
UPDATE `dc_units` SET `manager_address_addressId`='DQQ0826-9' WHERE `id`=399;
UPDATE `dc_units` SET `manager_address_addressId`='DSN2809-8' WHERE `id`=400;
UPDATE `dc_units` SET `manager_address_addressId`='DVL3600-9' WHERE `id`=401;
UPDATE `dc_units` SET `manager_address_addressId`='GDJ1096-7' WHERE `id`=402;
UPDATE `dc_units` SET `manager_address_addressId`='DPT5165-3' WHERE `id`=403;
UPDATE `dc_units` SET `manager_address_addressId`='DVH5268-0' WHERE `id`=404;
UPDATE `dc_units` SET `manager_address_addressId`='DNH2992-2' WHERE `id`=405;
UPDATE `dc_units` SET `manager_address_addressId`='DQK8278-0' WHERE `id`=406;
UPDATE `dc_units` SET `manager_address_addressId`='DWS3112-3' WHERE `id`=407;
UPDATE `dc_units` SET `manager_address_addressId`='DWW9691-2' WHERE `id`=408;
UPDATE `dc_units` SET `manager_address_addressId`='DKJ2971-5' WHERE `id`=409;
UPDATE `dc_units` SET `manager_address_addressId`='DKD2355-7' WHERE `id`=410;
UPDATE `dc_units` SET `manager_address_addressId`='DWP0161-6' WHERE `id`=411;
UPDATE `dc_units` SET `manager_address_addressId`='CBY7503-7' WHERE `id`=412;
UPDATE `dc_units` SET `manager_address_addressId`='CBW1976-1' WHERE `id`=413;
